[Licensing::Module] Trying to connect to existing licensing client channel...
[Licensing::IpcConnector] Channel LicenseClient-Administrator doesn't exist
[Licensing::Module] Successfully launched the LicensingClient (PId: 26956)
[Licensing::IpcConnector] Successfully connected to: "LicenseClient-Administrator" at "2026-07-02T04:25:03.4797483Z"
[Licensing::Client] Code 10 while verifying Licensing Client signature (process Id: 26956, path: "D:/UnityFile/2022.3.62f3c1/Editor/Data/Resources/Licensing/Client/Unity.Licensing.Client.exe")
[Licensing::Module] LicensingClient has failed validation; ignoring
[Licensing::Client] Handshaking with LicensingClient:
  Version:                 1.16.2+bdef8f5
  Session Id:              c5ccc001c7c642a6843d67b58eb47907
  Correlation Id:          36fd239d358bd70d34ab91817715070b
  External correlation Id: 5864117424401704034
  Machine Id:              g+6V6afw2YIrGlsl7FZ430wPoSI=
[Licensing::Module] Successfully connected to LicensingClient on channel: "LicenseClient-Administrator" (connect: 0.56s, validation: 0.04s, handshake: 0.02s)
[Licensing::IpcConnector] Successfully connected to: "LicenseClient-Administrator-notifications" at "2026-07-02T04:25:03.5380756Z"
[Licensing::Module] Connected to LicensingClient (PId: 26956, launch time: 0.00, total connection time: 0.62s)
[Licensing::Module] Error: Access token is unavailable; failed to update
[Licensing::Client] Successfully updated license
Built from '2022.3/china_unity/release' branch; Version is '2022.3.62f3c1 (1623fc0bbb97) revision 1451004'; Using compiler version '192829333'; Build Type 'Release'
OS: 'Windows 11  (10.0.26200) 64bit Professional' Language: 'zh' Physical Memory: 31898 MB
[Licensing::Client] Successfully resolved entitlement details
[Licensing::Module] Serial number assigned to: "F4-54ZC-YTHZ-PJX4-4S32-XXXX"
BatchMode: 1, IsHumanControllingUs: 0, StartBugReporterOnCrash: 0, Is64bit: 1, IsPro: 0
[Licensing::Client] Successfully resolved entitlement details

COMMAND LINE ARGUMENTS:
D:\UnityFile\2022.3.62f3c1\Editor\Unity.exe
-batchmode
-quit
-nographics
-projectPath
D:\Project\Apocalypic-journey-mods-creator\ModExp\AuraCardFrameFxLab
-executeMethod
AuraCardFrameFxLabEditor.AuraCardFrameFxLabSceneBuilder.Build
-logFile
D:\Project\Apocalypic-journey-mods-creator\ModExp\tmp\AuraCardFrameFxLab-build.log
Successfully changed project path to: D:\Project\Apocalypic-journey-mods-creator\ModExp\AuraCardFrameFxLab
D:/Project/Apocalypic-journey-mods-creator/ModExp/AuraCardFrameFxLab
[UnityMemory] Configuration Parameters - Can be set up in boot.config
    "memorysetup-bucket-allocator-granularity=16"
    "memorysetup-bucket-allocator-bucket-count=8"
    "memorysetup-bucket-allocator-block-size=33554432"
    "memorysetup-bucket-allocator-block-count=8"
    "memorysetup-main-allocator-block-size=16777216"
    "memorysetup-thread-allocator-block-size=16777216"
    "memorysetup-gfx-main-allocator-block-size=16777216"
    "memorysetup-gfx-thread-allocator-block-size=16777216"
    "memorysetup-cache-allocator-block-size=4194304"
    "memorysetup-typetree-allocator-block-size=2097152"
    "memorysetup-profiler-bucket-allocator-granularity=16"
    "memorysetup-profiler-bucket-allocator-bucket-count=8"
    "memorysetup-profiler-bucket-allocator-block-size=33554432"
    "memorysetup-profiler-bucket-allocator-block-count=8"
    "memorysetup-profiler-allocator-block-size=16777216"
    "memorysetup-profiler-editor-allocator-block-size=1048576"
    "memorysetup-temp-allocator-size-main=16777216"
    "memorysetup-job-temp-allocator-block-size=2097152"
    "memorysetup-job-temp-allocator-block-size-background=1048576"
    "memorysetup-job-temp-allocator-reduction-small-platforms=262144"
    "memorysetup-allocator-temp-initial-block-size-main=262144"
    "memorysetup-allocator-temp-initial-block-size-worker=262144"
    "memorysetup-temp-allocator-size-background-worker=32768"
    "memorysetup-temp-allocator-size-job-worker=262144"
    "memorysetup-temp-allocator-size-preload-manager=33554432"
    "memorysetup-temp-allocator-size-nav-mesh-worker=65536"
    "memorysetup-temp-allocator-size-audio-worker=65536"
    "memorysetup-temp-allocator-size-cloud-worker=32768"
    "memorysetup-temp-allocator-size-gi-baking-worker=262144"
    "memorysetup-temp-allocator-size-gfx=262144"
Player connection [23136]  Target information:

Player connection [23136]  * "[IP] 192.168.3.35 [Port] 55504 [Flags] 2 [Guid] 611389722 [EditorId] 611389722 [Version] 1048832 [Id] WindowsEditor(7,DESKTOP-EAPFP7V) [Debug] 1 [PackageName] WindowsEditor [ProjectName] Editor" 

Player connection [23136]  * "[IP] 172.28.32.1 [Port] 55504 [Flags] 2 [Guid] 611389722 [EditorId] 611389722 [Version] 1048832 [Id] WindowsEditor(7,DESKTOP-EAPFP7V) [Debug] 1 [PackageName] WindowsEditor [ProjectName] Editor" 

Player connection [23136]  * "[IP] 198.16.0.2 [Port] 55504 [Flags] 2 [Guid] 611389722 [EditorId] 611389722 [Version] 1048832 [Id] WindowsEditor(7,DESKTOP-EAPFP7V) [Debug] 1 [PackageName] WindowsEditor [ProjectName] Editor" 

Player connection [23136] Host joined multi-casting on [225.0.0.222:54997]...
Player connection [23136] Host joined alternative multi-casting on [225.0.0.222:34997]...
Input System module state changed to: Initialized.
[PhysX] Initialized MultithreadedTaskDispatcher with 32 workers.
[Package Manager] UpmClient::Connect -- Connected to IPC stream "Upm-3648" after 0.2 seconds.
[Package Manager] Restoring resolved packages state from cache
[Licensing::Client] Successfully resolved entitlement details
[Package Manager] Registered 32 packages:
  Built-in packages:
    com.unity.modules.ai@1.0.0 (location: D:\Project\Apocalypic-journey-mods-creator\ModExp\AuraCardFrameFxLab\Library\PackageCache\com.unity.modules.ai@1.0.0)
    com.unity.modules.androidjni@1.0.0 (location: D:\Project\Apocalypic-journey-mods-creator\ModExp\AuraCardFrameFxLab\Library\PackageCache\com.unity.modules.androidjni@1.0.0)
    com.unity.modules.animation@1.0.0 (location: D:\Project\Apocalypic-journey-mods-creator\ModExp\AuraCardFrameFxLab\Library\PackageCache\com.unity.modules.animation@1.0.0)
    com.unity.modules.assetbundle@1.0.0 (location: D:\Project\Apocalypic-journey-mods-creator\ModExp\AuraCardFrameFxLab\Library\PackageCache\com.unity.modules.assetbundle@1.0.0)
    com.unity.modules.audio@1.0.0 (location: D:\Project\Apocalypic-journey-mods-creator\ModExp\AuraCardFrameFxLab\Library\PackageCache\com.unity.modules.audio@1.0.0)
    com.unity.modules.cloth@1.0.0 (location: D:\Project\Apocalypic-journey-mods-creator\ModExp\AuraCardFrameFxLab\Library\PackageCache\com.unity.modules.cloth@1.0.0)
    com.unity.modules.director@1.0.0 (location: D:\Project\Apocalypic-journey-mods-creator\ModExp\AuraCardFrameFxLab\Library\PackageCache\com.unity.modules.director@1.0.0)
    com.unity.modules.imageconversion@1.0.0 (location: D:\Project\Apocalypic-journey-mods-creator\ModExp\AuraCardFrameFxLab\Library\PackageCache\com.unity.modules.imageconversion@1.0.0)
    com.unity.modules.imgui@1.0.0 (location: D:\Project\Apocalypic-journey-mods-creator\ModExp\AuraCardFrameFxLab\Library\PackageCache\com.unity.modules.imgui@1.0.0)
    com.unity.modules.jsonserialize@1.0.0 (location: D:\Project\Apocalypic-journey-mods-creator\ModExp\AuraCardFrameFxLab\Library\PackageCache\com.unity.modules.jsonserialize@1.0.0)
    com.unity.modules.particlesystem@1.0.0 (location: D:\Project\Apocalypic-journey-mods-creator\ModExp\AuraCardFrameFxLab\Library\PackageCache\com.unity.modules.particlesystem@1.0.0)
    com.unity.modules.physics@1.0.0 (location: D:\Project\Apocalypic-journey-mods-creator\ModExp\AuraCardFrameFxLab\Library\PackageCache\com.unity.modules.physics@1.0.0)
    com.unity.modules.physics2d@1.0.0 (location: D:\Project\Apocalypic-journey-mods-creator\ModExp\AuraCardFrameFxLab\Library\PackageCache\com.unity.modules.physics2d@1.0.0)
    com.unity.modules.screencapture@1.0.0 (location: D:\Project\Apocalypic-journey-mods-creator\ModExp\AuraCardFrameFxLab\Library\PackageCache\com.unity.modules.screencapture@1.0.0)
    com.unity.modules.terrain@1.0.0 (location: D:\Project\Apocalypic-journey-mods-creator\ModExp\AuraCardFrameFxLab\Library\PackageCache\com.unity.modules.terrain@1.0.0)
    com.unity.modules.terrainphysics@1.0.0 (location: D:\Project\Apocalypic-journey-mods-creator\ModExp\AuraCardFrameFxLab\Library\PackageCache\com.unity.modules.terrainphysics@1.0.0)
    com.unity.modules.tilemap@1.0.0 (location: D:\Project\Apocalypic-journey-mods-creator\ModExp\AuraCardFrameFxLab\Library\PackageCache\com.unity.modules.tilemap@1.0.0)
    com.unity.modules.ui@1.0.0 (location: D:\Project\Apocalypic-journey-mods-creator\ModExp\AuraCardFrameFxLab\Library\PackageCache\com.unity.modules.ui@1.0.0)
    com.unity.modules.uielements@1.0.0 (location: D:\Project\Apocalypic-journey-mods-creator\ModExp\AuraCardFrameFxLab\Library\PackageCache\com.unity.modules.uielements@1.0.0)
    com.unity.modules.umbra@1.0.0 (location: D:\Project\Apocalypic-journey-mods-creator\ModExp\AuraCardFrameFxLab\Library\PackageCache\com.unity.modules.umbra@1.0.0)
    com.unity.modules.unityanalytics@1.0.0 (location: D:\Project\Apocalypic-journey-mods-creator\ModExp\AuraCardFrameFxLab\Library\PackageCache\com.unity.modules.unityanalytics@1.0.0)
    com.unity.modules.unitywebrequest@1.0.0 (location: D:\Project\Apocalypic-journey-mods-creator\ModExp\AuraCardFrameFxLab\Library\PackageCache\com.unity.modules.unitywebrequest@1.0.0)
    com.unity.modules.unitywebrequestassetbundle@1.0.0 (location: D:\Project\Apocalypic-journey-mods-creator\ModExp\AuraCardFrameFxLab\Library\PackageCache\com.unity.modules.unitywebrequestassetbundle@1.0.0)
    com.unity.modules.unitywebrequestaudio@1.0.0 (location: D:\Project\Apocalypic-journey-mods-creator\ModExp\AuraCardFrameFxLab\Library\PackageCache\com.unity.modules.unitywebrequestaudio@1.0.0)
    com.unity.modules.unitywebrequesttexture@1.0.0 (location: D:\Project\Apocalypic-journey-mods-creator\ModExp\AuraCardFrameFxLab\Library\PackageCache\com.unity.modules.unitywebrequesttexture@1.0.0)
    com.unity.modules.unitywebrequestwww@1.0.0 (location: D:\Project\Apocalypic-journey-mods-creator\ModExp\AuraCardFrameFxLab\Library\PackageCache\com.unity.modules.unitywebrequestwww@1.0.0)
    com.unity.modules.vehicles@1.0.0 (location: D:\Project\Apocalypic-journey-mods-creator\ModExp\AuraCardFrameFxLab\Library\PackageCache\com.unity.modules.vehicles@1.0.0)
    com.unity.modules.video@1.0.0 (location: D:\Project\Apocalypic-journey-mods-creator\ModExp\AuraCardFrameFxLab\Library\PackageCache\com.unity.modules.video@1.0.0)
    com.unity.modules.vr@1.0.0 (location: D:\Project\Apocalypic-journey-mods-creator\ModExp\AuraCardFrameFxLab\Library\PackageCache\com.unity.modules.vr@1.0.0)
    com.unity.modules.wind@1.0.0 (location: D:\Project\Apocalypic-journey-mods-creator\ModExp\AuraCardFrameFxLab\Library\PackageCache\com.unity.modules.wind@1.0.0)
    com.unity.modules.xr@1.0.0 (location: D:\Project\Apocalypic-journey-mods-creator\ModExp\AuraCardFrameFxLab\Library\PackageCache\com.unity.modules.xr@1.0.0)
    com.unity.modules.subsystems@1.0.0 (location: D:\Project\Apocalypic-journey-mods-creator\ModExp\AuraCardFrameFxLab\Library\PackageCache\com.unity.modules.subsystems@1.0.0)
[Subsystems] No new subsystems found in resolved package list.
Package Manager log level set to [2]
[Package Manager] Done registering packages in 0.05 seconds
[Package Manager] Done resolving packages in 9.49 seconds
[Licensing::Client] Successfully resolved entitlement details
[Package Manager] Lock file was modified
[Package Manager] Registered 33 packages:
  Built-in packages:
    com.unity.ugui@1.0.0 (location: D:\Project\Apocalypic-journey-mods-creator\ModExp\AuraCardFrameFxLab\Library\PackageCache\com.unity.ugui@1.0.0)
    com.unity.modules.ai@1.0.0 (location: D:\Project\Apocalypic-journey-mods-creator\ModExp\AuraCardFrameFxLab\Library\PackageCache\com.unity.modules.ai@1.0.0)
    com.unity.modules.androidjni@1.0.0 (location: D:\Project\Apocalypic-journey-mods-creator\ModExp\AuraCardFrameFxLab\Library\PackageCache\com.unity.modules.androidjni@1.0.0)
    com.unity.modules.animation@1.0.0 (location: D:\Project\Apocalypic-journey-mods-creator\ModExp\AuraCardFrameFxLab\Library\PackageCache\com.unity.modules.animation@1.0.0)
    com.unity.modules.assetbundle@1.0.0 (location: D:\Project\Apocalypic-journey-mods-creator\ModExp\AuraCardFrameFxLab\Library\PackageCache\com.unity.modules.assetbundle@1.0.0)
    com.unity.modules.audio@1.0.0 (location: D:\Project\Apocalypic-journey-mods-creator\ModExp\AuraCardFrameFxLab\Library\PackageCache\com.unity.modules.audio@1.0.0)
    com.unity.modules.cloth@1.0.0 (location: D:\Project\Apocalypic-journey-mods-creator\ModExp\AuraCardFrameFxLab\Library\PackageCache\com.unity.modules.cloth@1.0.0)
    com.unity.modules.director@1.0.0 (location: D:\Project\Apocalypic-journey-mods-creator\ModExp\AuraCardFrameFxLab\Library\PackageCache\com.unity.modules.director@1.0.0)
    com.unity.modules.imageconversion@1.0.0 (location: D:\Project\Apocalypic-journey-mods-creator\ModExp\AuraCardFrameFxLab\Library\PackageCache\com.unity.modules.imageconversion@1.0.0)
    com.unity.modules.imgui@1.0.0 (location: D:\Project\Apocalypic-journey-mods-creator\ModExp\AuraCardFrameFxLab\Library\PackageCache\com.unity.modules.imgui@1.0.0)
    com.unity.modules.jsonserialize@1.0.0 (location: D:\Project\Apocalypic-journey-mods-creator\ModExp\AuraCardFrameFxLab\Library\PackageCache\com.unity.modules.jsonserialize@1.0.0)
    com.unity.modules.particlesystem@1.0.0 (location: D:\Project\Apocalypic-journey-mods-creator\ModExp\AuraCardFrameFxLab\Library\PackageCache\com.unity.modules.particlesystem@1.0.0)
    com.unity.modules.physics@1.0.0 (location: D:\Project\Apocalypic-journey-mods-creator\ModExp\AuraCardFrameFxLab\Library\PackageCache\com.unity.modules.physics@1.0.0)
    com.unity.modules.physics2d@1.0.0 (location: D:\Project\Apocalypic-journey-mods-creator\ModExp\AuraCardFrameFxLab\Library\PackageCache\com.unity.modules.physics2d@1.0.0)
    com.unity.modules.screencapture@1.0.0 (location: D:\Project\Apocalypic-journey-mods-creator\ModExp\AuraCardFrameFxLab\Library\PackageCache\com.unity.modules.screencapture@1.0.0)
    com.unity.modules.terrain@1.0.0 (location: D:\Project\Apocalypic-journey-mods-creator\ModExp\AuraCardFrameFxLab\Library\PackageCache\com.unity.modules.terrain@1.0.0)
    com.unity.modules.terrainphysics@1.0.0 (location: D:\Project\Apocalypic-journey-mods-creator\ModExp\AuraCardFrameFxLab\Library\PackageCache\com.unity.modules.terrainphysics@1.0.0)
    com.unity.modules.tilemap@1.0.0 (location: D:\Project\Apocalypic-journey-mods-creator\ModExp\AuraCardFrameFxLab\Library\PackageCache\com.unity.modules.tilemap@1.0.0)
    com.unity.modules.ui@1.0.0 (location: D:\Project\Apocalypic-journey-mods-creator\ModExp\AuraCardFrameFxLab\Library\PackageCache\com.unity.modules.ui@1.0.0)
    com.unity.modules.uielements@1.0.0 (location: D:\Project\Apocalypic-journey-mods-creator\ModExp\AuraCardFrameFxLab\Library\PackageCache\com.unity.modules.uielements@1.0.0)
    com.unity.modules.umbra@1.0.0 (location: D:\Project\Apocalypic-journey-mods-creator\ModExp\AuraCardFrameFxLab\Library\PackageCache\com.unity.modules.umbra@1.0.0)
    com.unity.modules.unityanalytics@1.0.0 (location: D:\Project\Apocalypic-journey-mods-creator\ModExp\AuraCardFrameFxLab\Library\PackageCache\com.unity.modules.unityanalytics@1.0.0)
    com.unity.modules.unitywebrequest@1.0.0 (location: D:\Project\Apocalypic-journey-mods-creator\ModExp\AuraCardFrameFxLab\Library\PackageCache\com.unity.modules.unitywebrequest@1.0.0)
    com.unity.modules.unitywebrequestassetbundle@1.0.0 (location: D:\Project\Apocalypic-journey-mods-creator\ModExp\AuraCardFrameFxLab\Library\PackageCache\com.unity.modules.unitywebrequestassetbundle@1.0.0)
    com.unity.modules.unitywebrequestaudio@1.0.0 (location: D:\Project\Apocalypic-journey-mods-creator\ModExp\AuraCardFrameFxLab\Library\PackageCache\com.unity.modules.unitywebrequestaudio@1.0.0)
    com.unity.modules.unitywebrequesttexture@1.0.0 (location: D:\Project\Apocalypic-journey-mods-creator\ModExp\AuraCardFrameFxLab\Library\PackageCache\com.unity.modules.unitywebrequesttexture@1.0.0)
    com.unity.modules.unitywebrequestwww@1.0.0 (location: D:\Project\Apocalypic-journey-mods-creator\ModExp\AuraCardFrameFxLab\Library\PackageCache\com.unity.modules.unitywebrequestwww@1.0.0)
    com.unity.modules.vehicles@1.0.0 (location: D:\Project\Apocalypic-journey-mods-creator\ModExp\AuraCardFrameFxLab\Library\PackageCache\com.unity.modules.vehicles@1.0.0)
    com.unity.modules.video@1.0.0 (location: D:\Project\Apocalypic-journey-mods-creator\ModExp\AuraCardFrameFxLab\Library\PackageCache\com.unity.modules.video@1.0.0)
    com.unity.modules.vr@1.0.0 (location: D:\Project\Apocalypic-journey-mods-creator\ModExp\AuraCardFrameFxLab\Library\PackageCache\com.unity.modules.vr@1.0.0)
    com.unity.modules.wind@1.0.0 (location: D:\Project\Apocalypic-journey-mods-creator\ModExp\AuraCardFrameFxLab\Library\PackageCache\com.unity.modules.wind@1.0.0)
    com.unity.modules.xr@1.0.0 (location: D:\Project\Apocalypic-journey-mods-creator\ModExp\AuraCardFrameFxLab\Library\PackageCache\com.unity.modules.xr@1.0.0)
    com.unity.modules.subsystems@1.0.0 (location: D:\Project\Apocalypic-journey-mods-creator\ModExp\AuraCardFrameFxLab\Library\PackageCache\com.unity.modules.subsystems@1.0.0)
[Subsystems] No new subsystems found in resolved package list.
[Package Manager] Done registering packages in 0.00 seconds
Refreshing native plugins compatible for Editor in 0.00 ms, found 0 plugins.
Preloading 0 native plugins for Editor in 0.00 ms.
Initialize engine version: 2022.3.62f3c1 (1623fc0bbb97)
[Subsystems] Discovering subsystems at path D:/UnityFile/2022.3.62f3c1/Editor/Data/Resources/UnitySubsystems
[Subsystems] Discovering subsystems at path D:/Project/Apocalypic-journey-mods-creator/ModExp/AuraCardFrameFxLab/Assets
Forcing GfxDevice: Null
GfxDevice: creating device client; threaded=0; jobified=0
NullGfxDevice:
    Version:  NULL 1.0 [1.0]
    Renderer: Null Device
    Vendor:   Unity Technologies
[Licensing::Client] Successfully resolved entitlement details
Initialize mono
Mono path[0] = 'D:/UnityFile/2022.3.62f3c1/Editor/Data/Managed'
Mono path[1] = 'D:/UnityFile/2022.3.62f3c1/Editor/Data/MonoBleedingEdge/lib/mono/unityjit-win32'
Mono config path = 'D:/UnityFile/2022.3.62f3c1/Editor/Data/MonoBleedingEdge/etc'
Using monoOptions --debugger-agent=transport=dt_socket,embedding=1,server=y,suspend=n,address=127.0.0.1:56648
Using cacheserver namespaces - metadata:defaultmetadata, artifacts:defaultartifacts
Using cacheserver namespaces - metadata:defaultmetadata, artifacts:defaultartifacts
ImportWorker Server TCP listen port: 0
Begin MonoManager ReloadAssembly
Registering precompiled unity dll's ...
Register platform support module: D:/UnityFile/2022.3.62f3c1/Editor/Data/PlaybackEngines/WindowsStandaloneSupport/UnityEditor.WindowsStandalone.Extensions.dll
Registered in 0.001492 seconds.
- Loaded All Assemblies, in  0.176 seconds
Native extension for WindowsStandalone target not found
Mono: successfully reloaded assembly
- Finished resetting the current domain, in  0.139 seconds
Domain Reload Profiling: 315ms
	BeginReloadAssembly (48ms)
		ExecutionOrderSort (0ms)
		DisableScriptedObjects (0ms)
		BackupInstance (0ms)
		ReleaseScriptingObjects (0ms)
		CreateAndSetChildDomain (0ms)
	RebuildCommonClasses (20ms)
	RebuildNativeTypeToScriptingClass (6ms)
	initialDomainReloadingComplete (28ms)
	LoadAllAssembliesAndSetupDomain (73ms)
		LoadAssemblies (48ms)
		RebuildTransferFunctionScriptingTraits (0ms)
		AnalyzeDomain (72ms)
			TypeCache.Refresh (71ms)
				TypeCache.ScanAssembly (64ms)
			ScanForSourceGeneratedMonoScriptInfo (0ms)
			ResolveRequiredComponents (0ms)
	FinalizeReload (139ms)
		ReleaseScriptCaches (0ms)
		RebuildScriptCaches (0ms)
		SetupLoadedEditorAssemblies (114ms)
			LogAssemblyErrors (0ms)
			InitializePlatformSupportModulesInManaged (5ms)
			SetLoadedEditorAssemblies (5ms)
			RefreshPlugins (0ms)
			BeforeProcessingInitializeOnLoad (1ms)
			ProcessInitializeOnLoadAttributes (78ms)
			ProcessInitializeOnLoadMethodAttributes (25ms)
			AfterProcessingInitializeOnLoad (0ms)
			EditorAssembliesLoaded (0ms)
		ExecutionOrderSort2 (0ms)
		AwakeInstancesAfterBackupRestoration (0ms)
[Licensing::Client] Successfully resolved entitlement details
Application.AssetDatabase Initial Refresh Start
[ScriptCompilation] Requested script compilation because: Assembly Definition File(s) changed
[ScriptCompilation] Requested script compilation because: Assetdatabase observed changes in script compilation related files
info: Microsoft.Hosting.Lifetime[14]
      Now listening on: http://localhost:80
info: Microsoft.Hosting.Lifetime[0]
      Application started. Press Ctrl+C to shut down.
info: Microsoft.Hosting.Lifetime[0]
      Hosting environment: Production
info: Microsoft.Hosting.Lifetime[0]
      Content root path: D:\Project\Apocalypic-journey-mods-creator\ModExp\AuraCardFrameFxLab\
info: Microsoft.AspNetCore.Hosting.Diagnostics[1]
      Request starting HTTP/2 POST http://ilpp/UnityILPP.PostProcessing/Ping application/grpc -
info: Microsoft.AspNetCore.Routing.EndpointMiddleware[0]
      Executing endpoint 'gRPC - /UnityILPP.PostProcessing/Ping'
info: Microsoft.AspNetCore.Routing.EndpointMiddleware[1]
      Executed endpoint 'gRPC - /UnityILPP.PostProcessing/Ping'
info: Microsoft.AspNetCore.Hosting.Diagnostics[2]
      Request finished HTTP/2 POST http://ilpp/UnityILPP.PostProcessing/Ping application/grpc - - 200 - application/grpc 23.3185ms
Starting: D:\UnityFile\2022.3.62f3c1\Editor\Data\bee_backend.exe --ipc --defer-dag-verification --dagfile="Library/Bee/1900b0aE.dag" --continue-on-failure --profile="Library/Bee/backend1.traceevents" ScriptAssemblies
WorkingDir: D:/Project/Apocalypic-journey-mods-creator/ModExp/AuraCardFrameFxLab
DisplayProgressbar: Compiling Scripts
ExitCode: 4 Duration: 0s43ms
Rebuilding DAG because FileSignature timestamp changed: Library/Bee/1900b0aE-inputdata.json
*** Tundra requires additional run (0.02 seconds), 0 items updated, 1 evaluated
Starting: D:\UnityFile\2022.3.62f3c1\Editor\Data\Tools\netcorerun\netcorerun.exe "D:\UnityFile\2022.3.62f3c1\Editor\Data\Tools\BuildPipeline\ScriptCompilationBuildProgram.exe" "Library/Bee/1900b0aE.dag.json" "Library/Bee/1900b0aE-inputdata.json" "Library\Bee\buildprogram0.traceevents"
WorkingDir: D:/Project/Apocalypic-journey-mods-creator/ModExp/AuraCardFrameFxLab
ExitCode: 0 Duration: 0s180ms
Starting: D:\UnityFile\2022.3.62f3c1\Editor\Data\bee_backend.exe --ipc --defer-dag-verification --dagfile="Library/Bee/1900b0aE.dag" --continue-on-failure --dagfilejson="Library\Bee\1900b0aE.dag.json" --profile="Library/Bee/backend2.traceevents" ScriptAssemblies
WorkingDir: D:/Project/Apocalypic-journey-mods-creator/ModExp/AuraCardFrameFxLab
ExitCode: 0 Duration: 6s296ms
Finished compiling graph: 124 nodes, 636 flattened edges (604 ToBuild, 8 ToUse), maximum node priority 46
[  1/121    0s] WriteText Library/Bee/artifacts/1900b0aE.dag/UnityEngine.UI.rsp2
[  2/121    0s] WriteText Library/Bee/artifacts/1900b0aE.dag/UnityEngine.UI.UnityAdditionalFile.txt
[  3/121    0s] MovedFromExtractor Library/Bee/artifacts/mvdfrm/UnityEngine.UnityTestProtocolModule.dll_18DF3C1BCEBD131B.mvfrm
[  4/121    0s] MovedFromExtractor Library/Bee/artifacts/mvdfrm/UnityEditor.dll_199BD1F620948F69.mvfrm
[  5/121    0s] MovedFromExtractor Library/Bee/artifacts/mvdfrm/UnityEngine.UnityWebRequestWWWModule.dll_CA8CE9C38AE62ABF.mvfrm
[  6/121    0s] MovedFromExtractor Library/Bee/artifacts/mvdfrm/UnityEditor.DiagnosticsModule.dll_FAD9D045C61FA423.mvfrm
[  7/121    0s] MovedFromExtractor Library/Bee/artifacts/mvdfrm/UnityEngine.VideoModule.dll_C1A2ECE80139E2D7.mvfrm
[  8/121    0s] MovedFromExtractor Library/Bee/artifacts/mvdfrm/UnityEditor.UIElementsSamplesModule.dll_5D1C862974C1BDC5.mvfrm
[  9/121    0s] MovedFromExtractor Library/Bee/artifacts/mvdfrm/UnityEngine.UnityCurlModule.dll_83B33E4F7109E82D.mvfrm
[ 10/121    0s] MovedFromExtractor Library/Bee/artifacts/mvdfrm/UnityEngine.VehiclesModule.dll_3806F6D3BB8C050F.mvfrm
[ 11/121    0s] MovedFromExtractor Library/Bee/artifacts/mvdfrm/UnityEngine.WindModule.dll_1D6820343CB63800.mvfrm
[ 12/121    0s] MovedFromExtractor Library/Bee/artifacts/mvdfrm/UnityEngine.UnityConnectModule.dll_B7EDA36C97E233CD.mvfrm
[ 13/121    0s] MovedFromExtractor Library/Bee/artifacts/mvdfrm/UnityEditor.SceneViewModule.dll_C0C103FD1BBBEEA8.mvfrm
[ 14/121    0s] MovedFromExtractor Library/Bee/artifacts/mvdfrm/UnityEngine.UnityAnalyticsModule.dll_826284AFB00D8F19.mvfrm
[ 15/121    0s] MovedFromExtractor Library/Bee/artifacts/mvdfrm/UnityEngine.VFXModule.dll_8147D94BEFE29DC4.mvfrm
[ 16/121    0s] MovedFromExtractor Library/Bee/artifacts/mvdfrm/UnityEngine.SharedInternalsModule.dll_AC468ED0E8CE7FDD.mvfrm
[ 17/121    0s] MovedFromExtractor Library/Bee/artifacts/mvdfrm/UnityEngine.UnityWebRequestTextureModule.dll_501AD4F14AC96F83.mvfrm
[ 18/121    0s] MovedFromExtractor Library/Bee/artifacts/mvdfrm/UnityEngine.UnityWebRequestAudioModule.dll_2D989E0F71636FEE.mvfrm
[ 19/121    0s] MovedFromExtractor Library/Bee/artifacts/mvdfrm/UnityEngine.UnityWebRequestAssetBundleModule.dll_97477122FC31DCAA.mvfrm
[ 20/121    0s] MovedFromExtractor Library/Bee/artifacts/mvdfrm/UnityEditor.SceneTemplateModule.dll_70287618C753067D.mvfrm
[ 21/121    0s] MovedFromExtractor Library/Bee/artifacts/mvdfrm/UnityEditor.DeviceSimulatorModule.dll_B6968FD97FC0BF15.mvfrm
[ 22/121    0s] MovedFromExtractor Library/Bee/artifacts/mvdfrm/UnityEngine.VirtualTexturingModule.dll_FC511EF2B3715D75.mvfrm
[ 23/121    0s] MovedFromExtractor Library/Bee/artifacts/mvdfrm/UnityEditor.GraphViewModule.dll_821120F52699219A.mvfrm
[ 24/121    0s] MovedFromExtractor Library/Bee/artifacts/mvdfrm/UnityEngine.XRModule.dll_276C04BE50045FC2.mvfrm
[ 25/121    0s] MovedFromExtractor Library/Bee/artifacts/mvdfrm/UnityEditor.EditorToolbarModule.dll_4C89055AC8665C45.mvfrm
[ 26/121    0s] MovedFromExtractor Library/Bee/artifacts/mvdfrm/UnityEditor.UIBuilderModule.dll_D699CE1199519ACE.mvfrm
[ 27/121    0s] MovedFromExtractor Library/Bee/artifacts/mvdfrm/UnityEditor.UIElementsModule.dll_CA8F2FEB538B7E28.mvfrm
[ 28/121    0s] MovedFromExtractor Library/Bee/artifacts/mvdfrm/UnityEngine.VRModule.dll_F4AD41B9C6CA1264.mvfrm
[ 29/121    0s] MovedFromExtractor Library/Bee/artifacts/mvdfrm/UnityEngine.UnityWebRequestModule.dll_39D457A57C951F0C.mvfrm
[ 30/121    0s] MovedFromExtractor Library/Bee/artifacts/mvdfrm/UnityEditor.PresetsUIModule.dll_3D7759D728F1799F.mvfrm
[ 31/121    0s] MovedFromExtractor Library/Bee/artifacts/mvdfrm/UnityEditor.TextCoreFontEngineModule.dll_3982F2A2F8A4F66A.mvfrm
[ 32/121    0s] MovedFromExtractor Library/Bee/artifacts/mvdfrm/UnityEditor.UnityConnectModule.dll_CA8E1F5D9D5A3322.mvfrm
[ 33/121    0s] MovedFromExtractor Library/Bee/artifacts/mvdfrm/UnityEditor.QuickSearchModule.dll_85E951531EF6A07C.mvfrm
[ 34/121    0s] MovedFromExtractor Library/Bee/artifacts/mvdfrm/UnityEditor.CoreModule.dll_83F871B9037A4E6C.mvfrm
[ 35/121    0s] MovedFromExtractor Library/Bee/artifacts/mvdfrm/UnityEngine.RuntimeInitializeOnLoadManagerInitializerModule.dll_4C96FDCAAD2F889E.mvfrm
[ 36/121    0s] MovedFromExtractor Library/Bee/artifacts/mvdfrm/UnityEngine.UmbraModule.dll_176E1495CBCE72A5.mvfrm
[ 37/121    0s] MovedFromExtractor Library/Bee/artifacts/mvdfrm/UnityEngine.ProfilerModule.dll_F28A368ADABBBC81.mvfrm
[ 38/121    0s] MovedFromExtractor Library/Bee/artifacts/mvdfrm/UnityEngine.TextRenderingModule.dll_460C8A7B92A83AFB.mvfrm
[ 39/121    0s] MovedFromExtractor Library/Bee/artifacts/mvdfrm/UnityEngine.TilemapModule.dll_C6B3FEB5D7B3563A.mvfrm
[ 40/121    0s] MovedFromExtractor Library/Bee/artifacts/mvdfrm/UnityEngine.UIModule.dll_A1DB1B34250F8CEC.mvfrm
[ 41/121    0s] MovedFromExtractor Library/Bee/artifacts/mvdfrm/UnityEngine.TerrainPhysicsModule.dll_633DBCB91D2937AA.mvfrm
[ 42/121    0s] MovedFromExtractor Library/Bee/artifacts/mvdfrm/UnityEngine.SubstanceModule.dll_E1D69EB79BD0AB8C.mvfrm
[ 43/121    0s] MovedFromExtractor Library/Bee/artifacts/mvdfrm/UnityEngine.TextCoreTextEngineModule.dll_FFCAA4679B266E53.mvfrm
[ 44/121    0s] MovedFromExtractor Library/Bee/artifacts/mvdfrm/UnityEngine.UnityAnalyticsCommonModule.dll_50DB077504E143B4.mvfrm
[ 45/121    0s] MovedFromExtractor Library/Bee/artifacts/mvdfrm/UnityEngine.TLSModule.dll_006940DD19753457.mvfrm
[ 46/121    0s] MovedFromExtractor Library/Bee/artifacts/mvdfrm/UnityEngine.PerformanceReportingModule.dll_B59C4A30EAF8A556.mvfrm
[ 47/121    0s] MovedFromExtractor Library/Bee/artifacts/mvdfrm/UnityEngine.SpriteShapeModule.dll_E333B19F36FF8D78.mvfrm
[ 48/121    0s] MovedFromExtractor Library/Bee/artifacts/mvdfrm/UnityEngine.ParticleSystemModule.dll_62C313E603E63D1D.mvfrm
[ 49/121    0s] MovedFromExtractor Library/Bee/artifacts/mvdfrm/UnityEngine.TerrainModule.dll_27B79734BFF67531.mvfrm
[ 50/121    0s] MovedFromExtractor Library/Bee/artifacts/mvdfrm/UnityEngine.SubsystemsModule.dll_C6FF3BCB52A35B7C.mvfrm
[ 51/121    0s] MovedFromExtractor Library/Bee/artifacts/mvdfrm/UnityEditor.TextCoreTextEngineModule.dll_816B29148828AF88.mvfrm
[ 52/121    0s] MovedFromExtractor Library/Bee/artifacts/mvdfrm/UnityEngine.InputLegacyModule.dll_5B179F63194F0B5F.mvfrm
[ 53/121    0s] MovedFromExtractor Library/Bee/artifacts/mvdfrm/UnityEngine.SpriteMaskModule.dll_5C51D569845B7369.mvfrm
[ 54/121    0s] MovedFromExtractor Library/Bee/artifacts/mvdfrm/UnityEngine.StreamingModule.dll_052B8A6E507DAD7E.mvfrm
[ 55/121    0s] MovedFromExtractor Library/Bee/artifacts/mvdfrm/UnityEngine.IMGUIModule.dll_D4F907E404D95B13.mvfrm
[ 56/121    0s] MovedFromExtractor Library/Bee/artifacts/mvdfrm/UnityEngine.TextCoreFontEngineModule.dll_B7E26DF60BA2B535.mvfrm
[ 57/121    0s] MovedFromExtractor Library/Bee/artifacts/mvdfrm/UnityEngine.PhysicsModule.dll_0D711BC5EA382C43.mvfrm
[ 58/121    0s] WriteText Library/Bee/artifacts/1900b0aE.dag/UnityEngine.UI.dll.mvfrm.rsp
[ 59/121    0s] WriteText Library/Bee/artifacts/1900b0aE.dag/UnityEngine.UI.rsp
[ 60/121    0s] WriteText Library/Bee/artifacts/1900b0aE.dag/UnityEditor.UI.rsp2
[ 61/121    0s] WriteText Library/Bee/artifacts/1900b0aE.dag/UnityEditor.UI.UnityAdditionalFile.txt
[ 62/121    0s] WriteText Library/Bee/artifacts/1900b0aE.dag/UnityEditor.UI.dll.mvfrm.rsp
[ 63/121    0s] WriteText Library/Bee/artifacts/1900b0aE.dag/UnityEditor.UI.rsp
[ 64/121    0s] WriteText Library/Bee/artifacts/1900b0aE.dag/Assembly-CSharp.rsp2
[ 65/121    0s] WriteText Library/Bee/artifacts/1900b0aE.dag/Assembly-CSharp.UnityAdditionalFile.txt
[ 66/121    0s] WriteText Library/Bee/artifacts/1900b0aE.dag/Assembly-CSharp.dll.mvfrm.rsp
[ 67/121    0s] MovedFromExtractor Library/Bee/artifacts/mvdfrm/UnityEngine.LocalizationModule.dll_88775EC5E65DF8E1.mvfrm
[ 68/121    0s] WriteText Library/Bee/artifacts/1900b0aE.dag/Assembly-CSharp.rsp
[ 69/121    0s] WriteText Library/Bee/artifacts/1900b0aE.dag/Assembly-CSharp-Editor.rsp2
[ 70/121    0s] WriteText Library/Bee/artifacts/1900b0aE.dag/Assembly-CSharp-Editor.UnityAdditionalFile.txt
[ 71/121    0s] MovedFromExtractor Library/Bee/artifacts/mvdfrm/UnityEngine.JSONSerializeModule.dll_02E56AEBC7048EA4.mvfrm
[ 72/121    0s] WriteText Library/Bee/artifacts/1900b0aE.dag/Assembly-CSharp-Editor.dll.mvfrm.rsp
[ 73/121    0s] WriteText Library/Bee/artifacts/1900b0aE.dag/Assembly-CSharp-Editor.rsp
[ 74/121    0s] MovedFromExtractor Library/Bee/artifacts/mvdfrm/UnityEngine.InputModule.dll_030F302DB4DFEBD6.mvfrm
[ 75/121    0s] MovedFromExtractor Library/Bee/artifacts/mvdfrm/UnityEngine.Physics2DModule.dll_9D3C8D0EA1F2EDD5.mvfrm
[ 76/121    0s] MovedFromExtractor Library/Bee/artifacts/mvdfrm/UnityEngine.PropertiesModule.dll_A060A217D5D7422B.mvfrm
[ 77/121    0s] MovedFromExtractor Library/Bee/artifacts/mvdfrm/UnityEngine.ScreenCaptureModule.dll_1CCD1870DB70BB06.mvfrm
[ 78/121    0s] MovedFromExtractor Library/Bee/artifacts/mvdfrm/UnityEngine.ImageConversionModule.dll_28354FFB71A0848D.mvfrm
[ 79/121    0s] MovedFromExtractor Library/Bee/artifacts/mvdfrm/UnityEngine.UIElementsModule.dll_CB3D9D3355CF9773.mvfrm
[ 80/121    0s] MovedFromExtractor Library/Bee/artifacts/mvdfrm/UnityEngine.HotReloadModule.dll_D1DF5B23DC2911C2.mvfrm
[ 81/121    0s] MovedFromExtractor Library/Bee/artifacts/mvdfrm/UnityEngine.GIModule.dll_3EA3C61464776F5A.mvfrm
[ 82/121    0s] MovedFromExtractor Library/Bee/artifacts/mvdfrm/UnityEngine.GridModule.dll_848A60F9C3D44F8E.mvfrm
[ 83/121    0s] MovedFromExtractor Library/Bee/artifacts/mvdfrm/UnityEngine.DSPGraphModule.dll_C5955EBDB3C30695.mvfrm
[ 84/121    0s] MovedFromExtractor Library/Bee/artifacts/mvdfrm/UnityEngine.ClusterInputModule.dll_4A2A94734EE205E8.mvfrm
[ 85/121    0s] MovedFromExtractor Library/Bee/artifacts/mvdfrm/UnityEngine.AudioModule.dll_9C99687D3EA7C732.mvfrm
[ 86/121    0s] MovedFromExtractor Library/Bee/artifacts/mvdfrm/UnityEngine.ContentLoadModule.dll_62E8DD854FDFFD5B.mvfrm
[ 87/121    0s] MovedFromExtractor Library/Bee/artifacts/mvdfrm/UnityEngine.DirectorModule.dll_C043FD5441623574.mvfrm
[ 88/121    0s] MovedFromExtractor Library/Bee/artifacts/mvdfrm/UnityEngine.ClusterRendererModule.dll_BC43524AEF7BCC99.mvfrm
[ 89/121    0s] MovedFromExtractor Library/Bee/artifacts/mvdfrm/UnityEngine.GameCenterModule.dll_732562D962EBDDEF.mvfrm
[ 90/121    0s] MovedFromExtractor Library/Bee/artifacts/mvdfrm/UnityEngine.ARModule.dll_5FDA420A25E5E609.mvfrm
[ 91/121    0s] MovedFromExtractor Library/Bee/artifacts/mvdfrm/UnityEngine.AssetBundleModule.dll_C9D28444815D556E.mvfrm
[ 92/121    0s] MovedFromExtractor Library/Bee/artifacts/mvdfrm/UnityEngine.dll_4C4018CE7F081C4E.mvfrm
[ 93/121    0s] MovedFromExtractor Library/Bee/artifacts/mvdfrm/UnityEngine.CrashReportingModule.dll_0FB0CA9995D4B18F.mvfrm
[ 94/121    0s] MovedFromExtractor Library/Bee/artifacts/mvdfrm/UnityEngine.AccessibilityModule.dll_A2CDE1AFC7C92E1A.mvfrm
[ 95/121    0s] MovedFromExtractor Library/Bee/artifacts/mvdfrm/UnityEngine.AnimationModule.dll_50969D1E00F5F640.mvfrm
[ 96/121    0s] MovedFromExtractor Library/Bee/artifacts/mvdfrm/UnityEditor.WindowsStandalone.Extensions.dll_A7E1560F3D6F15F4.mvfrm
[ 97/121    0s] MovedFromExtractor Library/Bee/artifacts/mvdfrm/UnityEngine.ClothModule.dll_0381C57818C4A616.mvfrm
[ 98/121    0s] MovedFromExtractor Library/Bee/artifacts/mvdfrm/UnityEngine.CoreModule.dll_A719450BAB7FB997.mvfrm
[ 99/121    0s] MovedFromExtractor Library/Bee/artifacts/mvdfrm/UnityEngine.AIModule.dll_A6677D06C8C88740.mvfrm
[100/121    0s] MovedFromExtractor Library/Bee/artifacts/mvdfrm/UnityEditor.Graphs.dll_BF87141B564F6C9E.mvfrm
[101/121    0s] MovedFromExtractor Library/Bee/artifacts/mvdfrm/UnityEngine.NVIDIAModule.dll_4150F74C1F9716E3.mvfrm
[102/121    0s] MovedFromExtractor Library/Bee/artifacts/mvdfrm/UnityEngine.AndroidJNIModule.dll_48D818BE9CAAECFE.mvfrm
[103/121    0s] MovedFromExtractorCombine Library/Bee/artifacts/1900b0aE.dag/UnityEngine.UI.dll.mvfrm
[104/121    1s] Csc Library/Bee/artifacts/1900b0aE.dag/UnityEngine.UI.dll (+2 others)
[           0s] Csc Library/Bee/artifacts/1900b0aE.dag/UnityEngine.UI.dll (+2 others) [CacheWrite 00000000000000000000000000000003]
[105/121    0s] CopyFiles Library/ScriptAssemblies/UnityEngine.UI.pdb
[106/121    0s] CopyFiles Library/ScriptAssemblies/UnityEngine.UI.dll
[107/121    0s] MovedFromExtractor Library/Bee/artifacts/mvdfrm/UnityEngine.UI.ref.dll_08FEAA520A2EFD60.mvfrm
[108/121    0s] MovedFromExtractorCombine Library/Bee/artifacts/1900b0aE.dag/UnityEditor.UI.dll.mvfrm
[109/121    0s] Csc Library/Bee/artifacts/1900b0aE.dag/UnityEditor.UI.dll (+2 others)
[           0s] Csc Library/Bee/artifacts/1900b0aE.dag/UnityEditor.UI.dll (+2 others) [CacheWrite 00000000000000000000000000000003]
[110/121    0s] CopyFiles Library/ScriptAssemblies/UnityEditor.UI.pdb
[111/121    0s] MovedFromExtractor Library/Bee/artifacts/mvdfrm/UnityEditor.UI.ref.dll_4C98D3F7040CD4F5.mvfrm
[112/121    0s] CopyFiles Library/ScriptAssemblies/UnityEditor.UI.dll
[113/121    0s] MovedFromExtractorCombine Library/Bee/artifacts/1900b0aE.dag/Assembly-CSharp-Editor.dll.mvfrm
[114/121    0s] MovedFromExtractorCombine Library/Bee/artifacts/1900b0aE.dag/Assembly-CSharp.dll.mvfrm
[115/121    0s] Csc Library/Bee/artifacts/1900b0aE.dag/Assembly-CSharp.dll (+2 others)
[116/121    0s] CopyFiles Library/ScriptAssemblies/Assembly-CSharp.pdb
[117/121    0s] CopyFiles Library/ScriptAssemblies/Assembly-CSharp.dll
[118/121    0s] Csc Library/Bee/artifacts/1900b0aE.dag/Assembly-CSharp-Editor.dll (+2 others)
[119/121    0s] CopyFiles Library/ScriptAssemblies/Assembly-CSharp-Editor.pdb
[120/121    0s] CopyFiles Library/ScriptAssemblies/Assembly-CSharp-Editor.dll
*** Tundra build success (6.28 seconds), 120 items updated, 121 evaluated
AssetDatabase: script compilation time: 6.785813s
Begin MonoManager ReloadAssembly
Total cache size 90990804
Total cache size after purge 90990804
- Loaded All Assemblies, in  0.429 seconds
Refreshing native plugins compatible for Editor in 0.00 ms, found 0 plugins.
Preloading 0 native plugins for Editor in 0.00 ms.
Start importing Assets/AuraCardFrameFxLab using Guid(1532304829a4b0647ba6d1fd675bdce7) Importer(-1,00000000000000000000000000000000) [PhysX] Initialized MultithreadedTaskDispatcher with 32 workers.
 -> (artifact id: '92c40e804bf5ee25f3ead9baf41713ff') in 0.012639 seconds
Start importing Packages/com.unity.ugui using Guid(8f7652e09069a1943278893d4264401e) Importer(-1,00000000000000000000000000000000) [PhysX] Initialized MultithreadedTaskDispatcher with 32 workers.
 -> (artifact id: '3b911f28f22b10ba45ff5c1dd564abfe') in 0.000358 seconds
Start importing Assets/AuraCardFrameFxLab/Shaders using Guid(a1782baec65c1a5419670a7d4c6e60ad) Importer(-1,00000000000000000000000000000000) [PhysX] Initialized MultithreadedTaskDispatcher with 32 workers.
 -> (artifact id: '66359d638525316aff2e737108e0439f') in 0.005300 seconds
Start importing Assets/AuraCardFrameFxLab/Materials using Guid(d4e282296722ba141976a7d6f366c009) Importer(-1,00000000000000000000000000000000) [PhysX] Initialized MultithreadedTaskDispatcher with 32 workers.
 -> (artifact id: '5a084af814ec5cb592c1d1ff8ebafcf3') in 0.004885 seconds
Start importing Assets/AuraCardFrameFxLab/Effects using Guid(767a728389e943d4daca04dd16e6dbad) Importer(-1,00000000000000000000000000000000) [PhysX] Initialized MultithreadedTaskDispatcher with 32 workers.
 -> (artifact id: 'e8fd5f13a23c753e4939d97e3677b0b2') in 0.004852 seconds
Start importing Assets/AuraCardFrameFxLab/Scripts using Guid(e6819801607da9743980be551b626409) Importer(-1,00000000000000000000000000000000) [PhysX] Initialized MultithreadedTaskDispatcher with 32 workers.
 -> (artifact id: '75af748364c4702622584276512a6d51') in 0.005023 seconds
Start importing Assets/AuraCardFrameFxLab/Scenes using Guid(e6edd185d727224498fe5254dab54e0b) Importer(-1,00000000000000000000000000000000) [PhysX] Initialized MultithreadedTaskDispatcher with 32 workers.
 -> (artifact id: 'cd028b7e116efa9c24a1c4b16f24c480') in 0.005033 seconds
Start importing Assets/AuraCardFrameFxLab/Editor using Guid(7751c5576fffd6a449d0eca01d1a304a) Importer(-1,00000000000000000000000000000000) [PhysX] Initialized MultithreadedTaskDispatcher with 32 workers.
 -> (artifact id: '316c3be52104511fe71d3d211a8471eb') in 0.005027 seconds
Start importing Packages/com.unity.ugui/Tests using Guid(d850db319a63d2546932ff76fe55a498) Importer(-1,00000000000000000000000000000000) [PhysX] Initialized MultithreadedTaskDispatcher with 32 workers.
 -> (artifact id: '6ebbb714351c13b4d561925b2df2ec14') in 0.000512 seconds
Start importing Assets/AuraCardFrameFxLab/Art using Guid(09c85de76c5323241aebebd9992a9884) Importer(-1,00000000000000000000000000000000) [PhysX] Initialized MultithreadedTaskDispatcher with 32 workers.
 -> (artifact id: '688b1d1c7eb0a697d656d3f4cd198555') in 0.005283 seconds
Start importing Packages/com.unity.ugui/Runtime using Guid(aa14b70e6a58c5b4fa6663623e3dca91) Importer(-1,00000000000000000000000000000000) [PhysX] Initialized MultithreadedTaskDispatcher with 32 workers.
 -> (artifact id: '2cda5814c814c7547224627290bb63ac') in 0.000465 seconds
Start importing Packages/com.unity.ugui/Editor using Guid(bee384ad5b4d1a843a018082e7db53cd) Importer(-1,00000000000000000000000000000000) [PhysX] Initialized MultithreadedTaskDispatcher with 32 workers.
 -> (artifact id: '7d0078fe0b3ff09383533b24de72d570') in 0.000396 seconds
Start importing Packages/com.unity.ugui/Runtime/Properties using Guid(32e2186f4598cff489784aae586f2215) Importer(-1,00000000000000000000000000000000) [PhysX] Initialized MultithreadedTaskDispatcher with 32 workers.
 -> (artifact id: '580995b27a1adb559cfa1b4ed7b4f81e') in 0.000438 seconds
Start importing Packages/com.unity.ugui/Tests/Editor using Guid(936bea4b2545c4a4fad2e623b0f6371f) Importer(-1,00000000000000000000000000000000) [PhysX] Initialized MultithreadedTaskDispatcher with 32 workers.
 -> (artifact id: '23fc81d8a4cb9f0ac8623145f0110a8a') in 0.000331 seconds
Start importing Packages/com.unity.ugui/Runtime/UI using Guid(742654cad2425334696ba6ed4495cfef) Importer(-1,00000000000000000000000000000000) [PhysX] Initialized MultithreadedTaskDispatcher with 32 workers.
 -> (artifact id: '38fa3ade58dc5867fd7e786b1c7a3bfc') in 0.000296 seconds
Start importing Packages/com.unity.ugui/Editor/UI using Guid(853edc343b78a7c4c81cbb3851d48c0a) Importer(-1,00000000000000000000000000000000) [PhysX] Initialized MultithreadedTaskDispatcher with 32 workers.
 -> (artifact id: '793c90a632b2446c8d1cfcfb02a28caa') in 0.000287 seconds
Start importing Packages/com.unity.ugui/Tests/Runtime using Guid(c545241cf2e56ec4997d7677f01ef43d) Importer(-1,00000000000000000000000000000000) [PhysX] Initialized MultithreadedTaskDispatcher with 32 workers.
 -> (artifact id: '33784692978a98b3f74112cba69f9df1') in 0.000266 seconds
Start importing Packages/com.unity.ugui/Editor/EventSystem using Guid(f525580684527b147b70cf94aaa70dbc) Importer(-1,00000000000000000000000000000000) [PhysX] Initialized MultithreadedTaskDispatcher with 32 workers.
 -> (artifact id: 'f1fe895a58b694cede7fdb93f25161c7') in 0.000270 seconds
Start importing Packages/com.unity.ugui/Runtime/EventSystem using Guid(7f27709c942d91541be1fd6aa5cb3d78) Importer(-1,00000000000000000000000000000000) [PhysX] Initialized MultithreadedTaskDispatcher with 32 workers.
 -> (artifact id: 'a81796f7b9ed8e4b9abef3169a685479') in 0.000263 seconds
Start importing Packages/com.unity.ugui/Editor/Properties using Guid(cf97e54bcd5479a46bdbade48da047cc) Importer(-1,00000000000000000000000000000000) [PhysX] Initialized MultithreadedTaskDispatcher with 32 workers.
 -> (artifact id: '93283b3ba0193fa06f297b0355dc5254') in 0.000259 seconds
Start importing Packages/com.unity.ugui/Tests/Runtime/Image using Guid(1091bc2ad06e3234aac2b2fa2841c09d) Importer(-1,00000000000000000000000000000000) [PhysX] Initialized MultithreadedTaskDispatcher with 32 workers.
 -> (artifact id: 'ee7a39f499e849646697cfe0cdcbd3c7') in 0.000292 seconds
Start importing Packages/com.unity.ugui/Tests/Editor/RectMask2D using Guid(305ca32be1aa5504aa182f583895dfe4) Importer(-1,00000000000000000000000000000000) [PhysX] Initialized MultithreadedTaskDispatcher with 32 workers.
 -> (artifact id: 'be0c63787b3f5375cc4b57f02482ddad') in 0.000264 seconds
Start importing Packages/com.unity.ugui/Tests/Editor/InputField using Guid(c16c54fe03afb5740bcc0a2a295cb79d) Importer(-1,00000000000000000000000000000000) [PhysX] Initialized MultithreadedTaskDispatcher with 32 workers.
 -> (artifact id: 'ad679f87ffc67fd793f363579c0dd21e') in 0.000254 seconds
Start importing Packages/com.unity.ugui/Runtime/UI/Core using Guid(12c42068351bb084abde965d725b9887) Importer(-1,00000000000000000000000000000000) [PhysX] Initialized MultithreadedTaskDispatcher with 32 workers.
 -> (artifact id: '808d13711fcdbea91a1cd3220db110ff') in 0.000262 seconds
Start importing Packages/com.unity.ugui/Tests/Runtime/Toggle using Guid(e210c8bf2e9c6514d90a1bd77586af1f) Importer(-1,00000000000000000000000000000000) [PhysX] Initialized MultithreadedTaskDispatcher with 32 workers.
 -> (artifact id: '08bf140c674540e61f666c757c3ae2b8') in 0.000256 seconds
Start importing Packages/com.unity.ugui/Tests/Runtime/Button using Guid(239dd6edc8e5cd14585c03e09e86a747) Importer(-1,00000000000000000000000000000000) [PhysX] Initialized MultithreadedTaskDispatcher with 32 workers.
 -> (artifact id: 'ee90b11748de27de6b0ddd8de3df6283') in 0.000314 seconds
Start importing Packages/com.unity.ugui/Tests/Runtime/ScrollBar using Guid(43b1467da3d29ae4597a733828cdd84a) Importer(-1,00000000000000000000000000000000) [PhysX] Initialized MultithreadedTaskDispatcher with 32 workers.
 -> (artifact id: '4d5b08b25e96ec116eff87c8923fdc55') in 0.000260 seconds
Start importing Packages/com.unity.ugui/Tests/Runtime/Graphic using Guid(8313ea704470a264295ec9e09aec6ebc) Importer(-1,00000000000000000000000000000000) [PhysX] Initialized MultithreadedTaskDispatcher with 32 workers.
 -> (artifact id: '4952ef56393df37e1b49beb27bc8334f') in 0.000262 seconds
Start importing Packages/com.unity.ugui/Tests/Runtime/TextEditor using Guid(93effba7cf7f3824ab0bd048a27a9c02) Importer(-1,00000000000000000000000000000000) [PhysX] Initialized MultithreadedTaskDispatcher with 32 workers.
 -> (artifact id: '49a82f5a4fb707605b20f381e0f94b7d') in 0.000270 seconds
Start importing Packages/com.unity.ugui/Runtime/EventSystem/EventData using Guid(b3cdabf2f1e76854d8aab5930305d70d) Importer(-1,00000000000000000000000000000000) [PhysX] Initialized MultithreadedTaskDispatcher with 32 workers.
 -> (artifact id: '3141875ec970eedf0420cc2e96710f27') in 0.000258 seconds
Start importing Packages/com.unity.ugui/Runtime/UI/Animation using Guid(5472815444de2ce45bf2053a4af04b9d) Importer(-1,00000000000000000000000000000000) [PhysX] Initialized MultithreadedTaskDispatcher with 32 workers.
 -> (artifact id: 'c893877dfc3a4502f13d215e76c9d31c') in 0.000253 seconds
Start importing Packages/com.unity.ugui/Tests/Runtime/Slider using Guid(850af9f3bf6d14143baf2ecfbf25db52) Importer(-1,00000000000000000000000000000000) [PhysX] Initialized MultithreadedTaskDispatcher with 32 workers.
 -> (artifact id: 'b2a2604902c0ab3cd294fa14497c556e') in 0.000404 seconds
Start importing Packages/com.unity.ugui/Runtime/EventSystem/Raycasters using Guid(46646a5562f14984690c85ee7b946bc9) Importer(-1,00000000000000000000000000000000) [PhysX] Initialized MultithreadedTaskDispatcher with 32 workers.
 -> (artifact id: 'f2ce0668868252995e31b3b904f509e0') in 0.000271 seconds
Start importing Packages/com.unity.ugui/Tests/Editor/UI using Guid(e7689eda3a8b1a847a8b197dbe90d9a6) Importer(-1,00000000000000000000000000000000) [PhysX] Initialized MultithreadedTaskDispatcher with 32 workers.
 -> (artifact id: '9984eaddb9953f5b28038f2633f07da3') in 0.000252 seconds
Start importing Packages/com.unity.ugui/Tests/Editor/EventSystem using Guid(98d14ab1acf42df4f88a0561822ac807) Importer(-1,00000000000000000000000000000000) [PhysX] Initialized MultithreadedTaskDispatcher with 32 workers.
 -> (artifact id: '7029449fdf4cdb25f1dd351404ec49a8') in 0.000257 seconds
Start importing Packages/com.unity.ugui/Tests/Editor/Canvas using Guid(b86b117346968ac4d9cc63e4385becb7) Importer(-1,00000000000000000000000000000000) [PhysX] Initialized MultithreadedTaskDispatcher with 32 workers.
 -> (artifact id: '1e34952b5537ca31a4ac8f30089ea4ff') in 0.000248 seconds
Start importing Packages/com.unity.ugui/Tests/Editor/UnityEvent using Guid(e90cc37a5ccf4a44dbecc5b7172ec512) Importer(-1,00000000000000000000000000000000) [PhysX] Initialized MultithreadedTaskDispatcher with 32 workers.
 -> (artifact id: '35ff9660c6588e69f2ccebae4eeaa31b') in 0.000246 seconds
Start importing Packages/com.unity.ugui/Tests/Runtime/InputField using Guid(2a28c2fab6b1bb745a844ef6b908e7ee) Importer(-1,00000000000000000000000000000000) [PhysX] Initialized MultithreadedTaskDispatcher with 32 workers.
 -> (artifact id: '4e858b0ef3f298f38d8c39924301fb61') in 0.000246 seconds
Start importing Packages/com.unity.ugui/Tests/Runtime/Canvas using Guid(9a3557da07c729b4eb774b8e30e157a4) Importer(-1,00000000000000000000000000000000) [PhysX] Initialized MultithreadedTaskDispatcher with 32 workers.
 -> (artifact id: '2ef4ff638666f6cad0c5a3d2aa64db2c') in 0.000242 seconds
Start importing Packages/com.unity.ugui/Tests/Runtime/Dropdown using Guid(bae197be297529d4fa735fbe7c91828d) Importer(-1,00000000000000000000000000000000) [PhysX] Initialized MultithreadedTaskDispatcher with 32 workers.
 -> (artifact id: '63a3f6e41ce8cc5bcb768d7d8d621562') in 0.000262 seconds
Start importing Packages/com.unity.ugui/Tests/Runtime/MaskClipping using Guid(2bc8a181dfd9de24388de89bb8db7713) Importer(-1,00000000000000000000000000000000) [PhysX] Initialized MultithreadedTaskDispatcher with 32 workers.
 -> (artifact id: 'bbc61587be4175640834d06e46137e0a') in 0.000256 seconds
Start importing Packages/com.unity.ugui/Tests/Runtime/ScrollRect using Guid(9bedab6f9886aee42b33e424bffdb640) Importer(-1,00000000000000000000000000000000) [PhysX] Initialized MultithreadedTaskDispatcher with 32 workers.
 -> (artifact id: '84156a317adbfd2d5e9fa1f2bae2d7cc') in 0.000253 seconds
Start importing Packages/com.unity.ugui/Tests/Runtime/EventSystem using Guid(ab93e1a81defc3243a6e9cd0df3cb443) Importer(-1,00000000000000000000000000000000) [PhysX] Initialized MultithreadedTaskDispatcher with 32 workers.
 -> (artifact id: 'e280e95fe648734cee2b7656c2858cd2') in 0.000253 seconds
Start importing Packages/com.unity.ugui/Tests/Editor/Slider using Guid(4cfe5ade9a1375e40aed87618b92bd12) Importer(-1,00000000000000000000000000000000) [PhysX] Initialized MultithreadedTaskDispatcher with 32 workers.
 -> (artifact id: '80bbaed7c08eda5c77a94ece635212ca') in 0.000248 seconds
Start importing Packages/com.unity.ugui/Editor/UI/PropertyDrawers using Guid(bc9aa6d5a7945f34882c442e9e201537) Importer(-1,00000000000000000000000000000000) [PhysX] Initialized MultithreadedTaskDispatcher with 32 workers.
 -> (artifact id: 'aee1f24254c1ebb6877467694e35539d') in 0.000252 seconds
Start importing Packages/com.unity.ugui/Tests/Runtime/Layout using Guid(cc313cc004395df4a9884390556690a5) Importer(-1,00000000000000000000000000000000) [PhysX] Initialized MultithreadedTaskDispatcher with 32 workers.
 -> (artifact id: 'e0257f0efe7d67e7f45d3a7039947006') in 0.000255 seconds
Start importing Packages/com.unity.ugui/Tests/Runtime/LayoutGroup using Guid(2d9b6ff056b6f484ba6500aa8e06bcf3) Importer(-1,00000000000000000000000000000000) [PhysX] Initialized MultithreadedTaskDispatcher with 32 workers.
 -> (artifact id: 'cfb42c7517c3cb1cc02221cbf22be49d') in 0.000273 seconds
Start importing Packages/com.unity.ugui/Runtime/EventSystem/UIElements using Guid(5dc64c943466a44498be3b620c743b45) Importer(-1,00000000000000000000000000000000) [PhysX] Initialized MultithreadedTaskDispatcher with 32 workers.
 -> (artifact id: '2aaf55daa60970b1b0606e5953aaa22a') in 0.000258 seconds
Start importing Packages/com.unity.ugui/Runtime/EventSystem/InputModules using Guid(8e78f8a8575e4a04f8337a54e241cdc5) Importer(-1,00000000000000000000000000000000) [PhysX] Initialized MultithreadedTaskDispatcher with 32 workers.
 -> (artifact id: 'ac1570438f658fdeea30593369edaf0b') in 0.000274 seconds
Start importing Packages/com.unity.ugui/Tests/Editor/CanvasRenderer using Guid(ae242449e9279d44789513b922d3178a) Importer(-1,00000000000000000000000000000000) [PhysX] Initialized MultithreadedTaskDispatcher with 32 workers.
 -> (artifact id: '7e198010123672e219bcc40a959f8e7b') in 0.000254 seconds
Start importing Packages/com.unity.ugui/Tests/Editor/Dropdown using Guid(1f71aeacc4a9f1a40b22a1a590331f6b) Importer(-1,00000000000000000000000000000000) [PhysX] Initialized MultithreadedTaskDispatcher with 32 workers.
 -> (artifact id: '51b958728bd1923df833ec35cb8f5d84') in 0.000248 seconds
Start importing Packages/com.unity.ugui/Tests/Editor/Text using Guid(4f9ac6e545d53f94b9f09c85b9576f36) Importer(-1,00000000000000000000000000000000) [PhysX] Initialized MultithreadedTaskDispatcher with 32 workers.
 -> (artifact id: '9382c25beda11786f6bc4d092870a180') in 0.000253 seconds
Start importing Packages/com.unity.ugui/Tests/Runtime/Util using Guid(af30a361ab68260438b6ec3fb7e64500) Importer(-1,00000000000000000000000000000000) [PhysX] Initialized MultithreadedTaskDispatcher with 32 workers.
 -> (artifact id: 'd2b14f58874bc8041a3a0b7ac72af4c4') in 0.000243 seconds
Start importing Packages/com.unity.ugui/Tests/Runtime/NestedLayout using Guid(efad3ddb7270ac241b9b1357ec5ee2f2) Importer(-1,00000000000000000000000000000000) [PhysX] Initialized MultithreadedTaskDispatcher with 32 workers.
 -> (artifact id: '9a9ef684c80dd1f612b7edd0679db452') in 0.000244 seconds
Start importing Packages/com.unity.ugui/Tests/Editor/UI/PropertyDrawers using Guid(24333a116497b144f9782b1160984b57) Importer(-1,00000000000000000000000000000000) [PhysX] Initialized MultithreadedTaskDispatcher with 32 workers.
 -> (artifact id: '2bf21acd25b7b3b123679c418120064c') in 0.000278 seconds
Start importing Packages/com.unity.ugui/Runtime/UI/Core/Utility using Guid(d63dd1a776d383248a21ec2a8a6e7868) Importer(-1,00000000000000000000000000000000) [PhysX] Initialized MultithreadedTaskDispatcher with 32 workers.
 -> (artifact id: '1cde6e285bfd3df0e77b50d88d1b058e') in 0.000254 seconds
Start importing Packages/com.unity.ugui/Runtime/UI/Core/Culling using Guid(27ed3e221887b3544bd9d6505d4a789f) Importer(-1,00000000000000000000000000000000) [PhysX] Initialized MultithreadedTaskDispatcher with 32 workers.
 -> (artifact id: 'a808de1a9cab35908466ac9dec6ffe88') in 0.000255 seconds
Start importing Packages/com.unity.ugui/Runtime/UI/Core/SpecializedCollections using Guid(f8ed4321a98682942b9980996131cf26) Importer(-1,00000000000000000000000000000000) [PhysX] Initialized MultithreadedTaskDispatcher with 32 workers.
 -> (artifact id: 'fad8facbd735b4687b96ff8ad2966b4e') in 0.000264 seconds
Start importing Packages/com.unity.ugui/Runtime/UI/Core/Layout using Guid(1999349e7f492c947bb6eb70f624382e) Importer(-1,00000000000000000000000000000000) [PhysX] Initialized MultithreadedTaskDispatcher with 32 workers.
 -> (artifact id: '3642937669fb1c66e2c94f7e96b45e56') in 0.000251 seconds
Start importing Packages/com.unity.ugui/Tests/Runtime/EventSystem/InputModuleTests using Guid(7a892c920c8ad2848b469ec9579c5219) Importer(-1,00000000000000000000000000000000) [PhysX] Initialized MultithreadedTaskDispatcher with 32 workers.
 -> (artifact id: '1bb8fb660546b4a43ddf8af11fedffa3') in 0.000273 seconds
Start importing Packages/com.unity.ugui/Runtime/UI/Core/MaterialModifiers using Guid(7c6295db74da28645bf49db58b7c9c65) Importer(-1,00000000000000000000000000000000) [PhysX] Initialized MultithreadedTaskDispatcher with 32 workers.
 -> (artifact id: 'f4815d69b29ec0165ec5679464a13a7c') in 0.000252 seconds
Start importing Packages/com.unity.ugui/Runtime/UI/Core/VertexModifiers using Guid(cfa73a847eeff06448bb50a8ac6a94e0) Importer(-1,00000000000000000000000000000000) [PhysX] Initialized MultithreadedTaskDispatcher with 32 workers.
 -> (artifact id: '86e1aca01dda60752ea76f53d55a2d1e') in 0.000248 seconds
Start importing Packages/com.unity.ugui/Editor/UnityEditor.UI.asmdef using Guid(343deaaf83e0cee4ca978e7df0b80d21) Importer(-1,00000000000000000000000000000000) [PhysX] Initialized MultithreadedTaskDispatcher with 32 workers.
 -> (artifact id: '2eeb21c175363eccb13dedaa68299338') in 0.001175 seconds
Start importing Packages/com.unity.ugui/Tests/Runtime/UnityEngine.UI.Tests.asmdef using Guid(e9745f6a32442194c8dc5a43e9ab86f9) Importer(-1,00000000000000000000000000000000) [PhysX] Initialized MultithreadedTaskDispatcher with 32 workers.
 -> (artifact id: '311ae763825935aaa5da3a9150680168') in 0.000792 seconds
Start importing Packages/com.unity.ugui/Runtime/UnityEngine.UI.asmdef using Guid(2bafac87e7f4b9b418d9448d219b01ab) Importer(-1,00000000000000000000000000000000) [PhysX] Initialized MultithreadedTaskDispatcher with 32 workers.
 -> (artifact id: 'b60cb03738885a0fdf5c9378b72b96e7') in 0.000807 seconds
Start importing Packages/com.unity.ugui/Tests/Editor/UnityEditor.UI.EditorTests.asmdef using Guid(7c04f0dfa9243c04681a55d90d3ff3fc) Importer(-1,00000000000000000000000000000000) [PhysX] Initialized MultithreadedTaskDispatcher with 32 workers.
 -> (artifact id: '173dcac11a0bc549477804e17099a150') in 0.000865 seconds
Start importing Packages/com.unity.ugui/Runtime/UI/Core/Layout/LayoutRebuilder.cs using Guid(006633c8a6f4ae94aa9babf72234e1a2) Importer(-1,00000000000000000000000000000000) [PhysX] Initialized MultithreadedTaskDispatcher with 32 workers.
 -> (artifact id: '5c04b4901c081bd13a60e152baacdc15') in 0.000934 seconds
Start importing Packages/com.unity.ugui/Tests/Runtime/ScrollBar/ScrollBarTests.cs using Guid(00f9a68859b850648902e0c98c25b590) Importer(-1,00000000000000000000000000000000) [PhysX] Initialized MultithreadedTaskDispatcher with 32 workers.
 -> (artifact id: '6fae510255a70ca304981e12f02d561a') in 0.001042 seconds
Start importing Packages/com.unity.ugui/Runtime/UI/Core/MaterialModifiers/IMaterialModifier.cs using Guid(20ff4283f687e044087714f82c4d6d3f) Importer(-1,00000000000000000000000000000000) [PhysX] Initialized MultithreadedTaskDispatcher with 32 workers.
 -> (artifact id: '4724567d321198704519d19220397747') in 0.001045 seconds
Start importing Packages/com.unity.ugui/Runtime/UI/Core/Layout/HorizontalLayoutGroup.cs using Guid(30649d3a9faa99c48a7b1166b86bf2a0) Importer(-1,00000000000000000000000000000000) [PhysX] Initialized MultithreadedTaskDispatcher with 32 workers.
 -> (artifact id: '2cc88476a1b65ae1189e8500bd7fbc0f') in 0.001094 seconds
Start importing Packages/com.unity.ugui/Tests/Runtime/Layout/ContentSizeFitterTests.cs using Guid(309b0604924786544a3786ec4073c5a1) Importer(-1,00000000000000000000000000000000) [PhysX] Initialized MultithreadedTaskDispatcher with 32 workers.
 -> (artifact id: '36fb4b2925e74bbb974d56b7a267bdcb') in 0.001126 seconds
Start importing Packages/com.unity.ugui/Runtime/UI/Core/Layout/LayoutElement.cs using Guid(306cc8c2b49d7114eaa3623786fc2126) Importer(-1,00000000000000000000000000000000) [PhysX] Initialized MultithreadedTaskDispatcher with 32 workers.
 -> (artifact id: 'fb3d34a54b0f96c250f78f57e84d0da3') in 0.001056 seconds
Start importing Packages/com.unity.ugui/Tests/Runtime/Graphic/RawImageTestHook.cs using Guid(40c83ba6a1a64cb4baac27028dd1acc1) Importer(-1,00000000000000000000000000000000) [PhysX] Initialized MultithreadedTaskDispatcher with 32 workers.
 -> (artifact id: 'b696bad4293d236855823abc449f678c') in 0.001063 seconds
Start importing Packages/com.unity.ugui/Tests/Runtime/Toggle/ToggleGroupTests.cs using Guid(50081206855385544a5ddd0e3b6ba9be) Importer(-1,00000000000000000000000000000000) [PhysX] Initialized MultithreadedTaskDispatcher with 32 workers.
 -> (artifact id: 'f533992a3fd933159f6ed5851ecb4439') in 0.000980 seconds
Start importing Packages/com.unity.ugui/Runtime/UI/Core/Toggle.cs using Guid(9085046f02f69544eb97fd06b6048fe2) Importer(-1,00000000000000000000000000000000) [PhysX] Initialized MultithreadedTaskDispatcher with 32 workers.
 -> (artifact id: '7f5f1a80dc88bc2b27eeb93e090791af') in 0.001026 seconds
Start importing Packages/com.unity.ugui/Tests/Runtime/NestedLayout/SceneWithNestedLayoutElementsLoadScript.cs using Guid(a021b6d2ca2e9404b8a4d94343ecd068) Importer(-1,00000000000000000000000000000000) [PhysX] Initialized MultithreadedTaskDispatcher with 32 workers.
 -> (artifact id: '7efb37099e5211e6b9031a3d4c0beeae') in 0.000936 seconds
Start importing Packages/com.unity.ugui/Tests/Runtime/Graphic/ImageTests.cs using Guid(a0bae4ff8f5baf64aad3b92b8aea0603) Importer(-1,00000000000000000000000000000000) [PhysX] Initialized MultithreadedTaskDispatcher with 32 workers.
 -> (artifact id: '9ae4735ba8cccb50a8e3c32ca1944900') in 0.001026 seconds
Start importing Packages/com.unity.ugui/Runtime/EventSystem/EventTrigger.cs using Guid(d0b148fe25e99eb48b9724523833bab1) Importer(-1,00000000000000000000000000000000) [PhysX] Initialized MultithreadedTaskDispatcher with 32 workers.
 -> (artifact id: '8d0578785070447cdad77f93c1b03588') in 0.001475 seconds
Start importing Packages/com.unity.ugui/Tests/Runtime/Toggle/TestableToggleGroup.cs using Guid(e0e4f43a3816add4c86c9671d7961f2f) Importer(-1,00000000000000000000000000000000) [PhysX] Initialized MultithreadedTaskDispatcher with 32 workers.
 -> (artifact id: 'c54bb8ad690c8d9b8a1c5ddabcc80304') in 0.001162 seconds
Start importing Packages/com.unity.ugui/Tests/Runtime/NestedLayout/SceneWithNestedLayoutElementsLoads.cs using Guid(01df650e1b86e9f4a8e2b5dc9782506f) Importer(-1,00000000000000000000000000000000) [PhysX] Initialized MultithreadedTaskDispatcher with 32 workers.
 -> (artifact id: 'c57e900c536da160be471a7e7f2de823') in 0.000950 seconds
Start importing Packages/com.unity.ugui/Editor/EventSystem/Physics2DRaycasterEditor.cs using Guid(1143ae6bb91836f4a8f8ebfaabb9396d) Importer(-1,00000000000000000000000000000000) [PhysX] Initialized MultithreadedTaskDispatcher with 32 workers.
 -> (artifact id: '12ecbaed7a148c7c8ca343377d9c5cb6') in 0.001189 seconds
Start importing Packages/com.unity.ugui/Editor/UI/InputFieldEditor.cs using Guid(21d2d5d6901f2ca43a8015c60ada4e2c) Importer(-1,00000000000000000000000000000000) [PhysX] Initialized MultithreadedTaskDispatcher with 32 workers.
 -> (artifact id: '80665be714114360ccf297c22123c8f1') in 0.001050 seconds
Start importing Packages/com.unity.ugui/Runtime/UI/Core/Mask.cs using Guid(31a19414c41e5ae4aae2af33fee712f6) Importer(-1,00000000000000000000000000000000) [PhysX] Initialized MultithreadedTaskDispatcher with 32 workers.
 -> (artifact id: '8c465553401f33fa0e70851cdaa4132f') in 0.001010 seconds
Start importing Packages/com.unity.ugui/Tests/Runtime/InputField/GenericInputFieldTests.cs using Guid(513613320b52fdb40a26dd5b73d89afe) Importer(-1,00000000000000000000000000000000) [PhysX] Initialized MultithreadedTaskDispatcher with 32 workers.
 -> (artifact id: '86dde1ae015b97ff18fa06f8486d0e12') in 0.001018 seconds
Start importing Packages/com.unity.ugui/Runtime/UI/Core/IMaskable.cs using Guid(61a20120cddc53849bbc10fc805ffe3e) Importer(-1,00000000000000000000000000000000) [PhysX] Initialized MultithreadedTaskDispatcher with 32 workers.
 -> (artifact id: '51395d84bb0c7391c1768e828cb7c189') in 0.001210 seconds
Start importing Packages/com.unity.ugui/Runtime/UI/Core/Navigation.cs using Guid(61d491d99e9292c4a81d7d01a74781ea) Importer(-1,00000000000000000000000000000000) [PhysX] Initialized MultithreadedTaskDispatcher with 32 workers.
 -> (artifact id: '259ffa36c03d7f326d3a73532cb5d07b') in 0.000992 seconds
Start importing Packages/com.unity.ugui/Runtime/UI/Core/VertexModifiers/BaseMeshEffect.cs using Guid(718966f960cb50643986195e5fe953ca) Importer(-1,00000000000000000000000000000000) [PhysX] Initialized MultithreadedTaskDispatcher with 32 workers.
 -> (artifact id: '0a75e1cb366bec591f0244caf3f193f3') in 0.001088 seconds
Start importing Packages/com.unity.ugui/Tests/Editor/Text/FontCreatedByScript.cs using Guid(812aaaefaab404448a3e4db49dfa5206) Importer(-1,00000000000000000000000000000000) [PhysX] Initialized MultithreadedTaskDispatcher with 32 workers.
 -> (artifact id: 'cae26f14e0e327665e121521b6e03b5f') in 0.001169 seconds
Start importing Packages/com.unity.ugui/Tests/Runtime/Canvas/RectTransformValidAfterEnable.cs using Guid(811d999912a5f3f459a637aad029fbc8) Importer(-1,00000000000000000000000000000000) [PhysX] Initialized MultithreadedTaskDispatcher with 32 workers.
 -> (artifact id: '8658bb218c09515d51271bcfa4dd3f92') in 0.001167 seconds
Start importing Packages/com.unity.ugui/Runtime/EventSystem/EventData/BaseEventData.cs using Guid(91f495459b6e34f419ac123740d798b1) Importer(-1,00000000000000000000000000000000) [PhysX] Initialized MultithreadedTaskDispatcher with 32 workers.
 -> (artifact id: '5c271083451d220b4a44da6e3c77dbbf') in 0.001000 seconds
Start importing Packages/com.unity.ugui/Tests/Runtime/Canvas/CanvasGroupInheritedAlpha.cs using Guid(a14a59f2a5c757e469c3e4e17b798c2e) Importer(-1,00000000000000000000000000000000) [PhysX] Initialized MultithreadedTaskDispatcher with 32 workers.
 -> (artifact id: 'daa81ddf3dedad871113d6d8043d09f7') in 0.001151 seconds
Start importing Packages/com.unity.ugui/Tests/Editor/Dropdown/DropdownOptionsListDrawer.cs using Guid(b180d0cec21671c45a32a9ce99bff2f5) Importer(-1,00000000000000000000000000000000) [PhysX] Initialized MultithreadedTaskDispatcher with 32 workers.
 -> (artifact id: '39b8af41e745f9a9afe39118ce9a50bc') in 0.000988 seconds
Start importing Packages/com.unity.ugui/Runtime/EventSystem/EventData/AxisEventData.cs using Guid(b180fd8310805e44dbbef545d0231418) Importer(-1,00000000000000000000000000000000) [PhysX] Initialized MultithreadedTaskDispatcher with 32 workers.
 -> (artifact id: '821dff6829d6eb8f66a7ad6ea6820370') in 0.001049 seconds
Start importing Packages/com.unity.ugui/Editor/UI/MaskEditor.cs using Guid(b10cb8fee5b39014d8a417bf413f5e5c) Importer(-1,00000000000000000000000000000000) [PhysX] Initialized MultithreadedTaskDispatcher with 32 workers.
 -> (artifact id: 'f7a82fae79a07e61dd98064c2fb8f2b6') in 0.001023 seconds
Start importing Packages/com.unity.ugui/Editor/UI/PropertyDrawers/AnimationTriggersDrawer.cs using Guid(c18288a8d31fc9043a807ee8a9f1ae64) Importer(-1,00000000000000000000000000000000) [PhysX] Initialized MultithreadedTaskDispatcher with 32 workers.
 -> (artifact id: '38549e10c83f1e2a5fbe672b384154ea') in 0.001059 seconds
Start importing Packages/com.unity.ugui/Runtime/UI/Core/InputField.cs using Guid(d199490a83bb2b844b9695cbf13b01ef) Importer(-1,00000000000000000000000000000000) [PhysX] Initialized MultithreadedTaskDispatcher with 32 workers.
 -> (artifact id: '669f638b96cf1d917fd77831271cb0b7') in 0.000942 seconds
Start importing Packages/com.unity.ugui/Tests/Runtime/InputField/DesktopInputFieldTests.cs using Guid(e1b0ab339722791498cc804831a17ad3) Importer(-1,00000000000000000000000000000000) [PhysX] Initialized MultithreadedTaskDispatcher with 32 workers.
 -> (artifact id: '53084661343cf0df908bddfa70bfc8a1') in 0.001073 seconds
Start importing Packages/com.unity.ugui/Runtime/UI/Core/VertexModifiers/Outline.cs using Guid(e19747de3f5aca642ab2be37e372fb86) Importer(-1,00000000000000000000000000000000) [PhysX] Initialized MultithreadedTaskDispatcher with 32 workers.
 -> (artifact id: 'b2f069f1bbef96b994c7b8463295b4ba') in 0.001193 seconds
Start importing Packages/com.unity.ugui/Runtime/UI/Core/VertexModifiers/PositionAsUV1.cs using Guid(020ee4c1798a3d243a4b8cbfee6cac2d) Importer(-1,00000000000000000000000000000000) [PhysX] Initialized MultithreadedTaskDispatcher with 32 workers.
 -> (artifact id: '84c5a4e137e2f405fe4be9dc88c10d03') in 0.001053 seconds
Start importing Packages/com.unity.ugui/Editor/UI/InterceptedEventsPreview.cs using Guid(127023922adddf744b59fa7b0b0c3030) Importer(-1,00000000000000000000000000000000) [PhysX] Initialized MultithreadedTaskDispatcher with 32 workers.
 -> (artifact id: '850bc654e05cef1221e208b2087cecaf') in 0.001136 seconds
Start importing Packages/com.unity.ugui/Tests/Runtime/ScrollBar/ScrollBarClamp.cs using Guid(32a4a0ea998dd6149937d2774781c436) Importer(-1,00000000000000000000000000000000) [PhysX] Initialized MultithreadedTaskDispatcher with 32 workers.
 -> (artifact id: '227537ab191b9b3d3347db3c5a27c9db') in 0.001054 seconds
Start importing Packages/com.unity.ugui/Runtime/UI/Core/Layout/ContentSizeFitter.cs using Guid(3245ec927659c4140ac4f8d17403cc18) Importer(-1,00000000000000000000000000000000) [PhysX] Initialized MultithreadedTaskDispatcher with 32 workers.
 -> (artifact id: '4e9b1079e17761e95d6f62e14221dbc2') in 0.001099 seconds
Start importing Packages/com.unity.ugui/Runtime/EventSystem/Raycasters/BaseRaycaster.cs using Guid(426106349a0ff964fa4e7178c1d3a4f5) Importer(-1,00000000000000000000000000000000) [PhysX] Initialized MultithreadedTaskDispatcher with 32 workers.
 -> (artifact id: 'a840db47fa802d325710520d85eea699') in 0.001061 seconds
Start importing Packages/com.unity.ugui/Tests/Runtime/MaskClipping/RectMask2DClipping.cs using Guid(529fde071171dfd4e99d45ca81a3ac7b) Importer(-1,00000000000000000000000000000000) [PhysX] Initialized MultithreadedTaskDispatcher with 32 workers.
 -> (artifact id: '076b60f5b49e5aeac9c2436a17b249ae') in 0.001275 seconds
Start importing Packages/com.unity.ugui/Tests/Runtime/Util/GraphicTestHelper.cs using Guid(621a76c0c3927aa45aba7d2ad0c8e1c8) Importer(-1,00000000000000000000000000000000) [PhysX] Initialized MultithreadedTaskDispatcher with 32 workers.
 -> (artifact id: 'f4f8a4cf015d2ff8e23d088b86abd77b') in 0.001105 seconds
Start importing Packages/com.unity.ugui/Runtime/EventSystem/ExecuteEvents.cs using Guid(623c79a1e113b4941afdbfc88d19e8fd) Importer(-1,00000000000000000000000000000000) [PhysX] Initialized MultithreadedTaskDispatcher with 32 workers.
 -> (artifact id: '8c3c296f2c5d45dc3fb187658744ffd4') in 0.000993 seconds
Start importing Packages/com.unity.ugui/Editor/UI/PropertyDrawers/SpriteStateDrawer.cs using Guid(728d2c19676ea3743aaa087aa28c4a16) Importer(-1,00000000000000000000000000000000) [PhysX] Initialized MultithreadedTaskDispatcher with 32 workers.
 -> (artifact id: '284fc137a389ff9fef1e72caa05aff01') in 0.001045 seconds
Start importing Packages/com.unity.ugui/Runtime/UI/Core/Misc.cs using Guid(828075bc53f2de84982a943870529b7b) Importer(-1,00000000000000000000000000000000) [PhysX] Initialized MultithreadedTaskDispatcher with 32 workers.
 -> (artifact id: 'ecbc683df8cee1146fcdcab280d76851') in 0.001135 seconds
Start importing Packages/com.unity.ugui/Runtime/UI/Core/Layout/LayoutUtility.cs using Guid(82bf3f737dec0be43a60891958a8da87) Importer(-1,00000000000000000000000000000000) [PhysX] Initialized MultithreadedTaskDispatcher with 32 workers.
 -> (artifact id: 'ce3be4f66f34b8a896708ce7c40b225c') in 0.001012 seconds
Start importing Packages/com.unity.ugui/Runtime/UI/Core/IGraphicEnabledDisabled.cs using Guid(928dc55e2c8c3ee4dad33b6d561cb6ea) Importer(-1,00000000000000000000000000000000) [PhysX] Initialized MultithreadedTaskDispatcher with 32 workers.
 -> (artifact id: 'd5fb0b2743f10070dd90fd9f6dad8d1c') in 0.001107 seconds
Start importing Packages/com.unity.ugui/Tests/Runtime/Canvas/CanvasScalerWithChildTextObjectDoesNotCrash.cs using Guid(13d161b14bb3ab74e8a9634e26fb7a5e) Importer(-1,00000000000000000000000000000000) [PhysX] Initialized MultithreadedTaskDispatcher with 32 workers.
 -> (artifact id: '48113129df1d1b3d19781a5ee98aab40') in 0.001042 seconds
Start importing Packages/com.unity.ugui/Runtime/UI/Core/RawImage.cs using Guid(1344c3c82d62a2a41a3576d8abb8e3ea) Importer(-1,00000000000000000000000000000000) [PhysX] Initialized MultithreadedTaskDispatcher with 32 workers.
 -> (artifact id: '810723779170fbfe683f8cbd9b029a75') in 0.001120 seconds
Start importing Packages/com.unity.ugui/Editor/UI/PropertyDrawers/DropdownOptionListDrawer.cs using Guid(1385bc74f3945c943be16ecbb1381063) Importer(-1,00000000000000000000000000000000) [PhysX] Initialized MultithreadedTaskDispatcher with 32 workers.
 -> (artifact id: '3245adbe44cc696697ad3d3e31c3f32d') in 0.001052 seconds
Start importing Packages/com.unity.ugui/Editor/UI/TextEditor.cs using Guid(1336690ece4db2740b4ba38873e00dfb) Importer(-1,00000000000000000000000000000000) [PhysX] Initialized MultithreadedTaskDispatcher with 32 workers.
 -> (artifact id: 'cb2a6cd0c7b897ba849397d87244f27b') in 0.001002 seconds
Start importing Packages/com.unity.ugui/Tests/Runtime/EventSystem/InputModuleTests/FakeBaseInput.cs using Guid(138dbec4f8742654fbceb0a19d68b9c5) Importer(-1,00000000000000000000000000000000) [PhysX] Initialized MultithreadedTaskDispatcher with 32 workers.
 -> (artifact id: '88007b14ab7c69564b1f81060011d9b6') in 0.001325 seconds
Start importing Packages/com.unity.ugui/Runtime/UI/Core/FontData.cs using Guid(13cd966480ec3354bb318ee1aeccff6f) Importer(-1,00000000000000000000000000000000) [PhysX] Initialized MultithreadedTaskDispatcher with 32 workers.
 -> (artifact id: '8abd228a4b22fbfaf85e094dbc4ea3f4') in 0.001076 seconds
Start importing Packages/com.unity.ugui/Runtime/EventSystem/EventInterfaces.cs using Guid(2359c66dee10c454c97f6aea84e3fe22) Importer(-1,00000000000000000000000000000000) [PhysX] Initialized MultithreadedTaskDispatcher with 32 workers.
 -> (artifact id: '5057c9920e0e4be2b66f0527d119eae8') in 0.001278 seconds
Start importing Packages/com.unity.ugui/Tests/Runtime/InputField/InputFieldTests.cs using Guid(3371106faf8d06f47a73979a3c8d82a1) Importer(-1,00000000000000000000000000000000) [PhysX] Initialized MultithreadedTaskDispatcher with 32 workers.
 -> (artifact id: '7a7e12ebef6648126fa1ff01a5299921') in 0.000998 seconds
Start importing Packages/com.unity.ugui/Runtime/UI/Core/RectMask2D.cs using Guid(3312d7739989d2b4e91e6319e9a96d76) Importer(-1,00000000000000000000000000000000) [PhysX] Initialized MultithreadedTaskDispatcher with 32 workers.
 -> (artifact id: '497e9b61d943029bfd8c54ad482e20fe') in 0.001095 seconds
Start importing Packages/com.unity.ugui/Tests/Editor/UI/PropertyDrawers/PropertyDrawerTests.cs using Guid(433d3b96b2a40a5479d3d7d8495882ed) Importer(-1,00000000000000000000000000000000) [PhysX] Initialized MultithreadedTaskDispatcher with 32 workers.
 -> (artifact id: '3d2a8cdceb695f24f3e58e98e12e9563') in 0.000991 seconds
Start importing Packages/com.unity.ugui/Tests/Runtime/Canvas/RectMask2DWithNestedCanvasCullsUsingCorrectCanvasRect.cs using Guid(735d54f21944f834f931716514c87a84) Importer(-1,00000000000000000000000000000000) [PhysX] Initialized MultithreadedTaskDispatcher with 32 workers.
 -> (artifact id: '63d9ffcc7c9bc92bde97373d5b1f82c2') in 0.001051 seconds
Start importing Packages/com.unity.ugui/Tests/Runtime/EventSystem/PhysicsRaycasterTests.cs using Guid(833143c443f979e44ae0b8ed899e3b59) Importer(-1,00000000000000000000000000000000) [PhysX] Initialized MultithreadedTaskDispatcher with 32 workers.
 -> (artifact id: '5f99ef0941a957fd82da6bdb805b6ba3') in 0.000915 seconds
Start importing Packages/com.unity.ugui/Runtime/UI/Core/ColorBlock.cs using Guid(83088ba2132cbc940b7ca0c679a02b0d) Importer(-1,00000000000000000000000000000000) [PhysX] Initialized MultithreadedTaskDispatcher with 32 workers.
 -> (artifact id: 'd6d9c5ce3e3dcfff30535989824cf676') in 0.000940 seconds
Start importing Packages/com.unity.ugui/Tests/Runtime/Canvas/CheckMeshColorsAndColors32Match.cs using Guid(9390296e78291b543b2f4a9761ef8139) Importer(-1,00000000000000000000000000000000) [PhysX] Initialized MultithreadedTaskDispatcher with 32 workers.
 -> (artifact id: 'db4ea7c3f8a232e09ebc2cb3e1df2dd0') in 0.001182 seconds
Start importing Packages/com.unity.ugui/Tests/Runtime/Canvas/SiblingOrderChangesLayout.cs using Guid(c32df609537c54c46adf92992a673693) Importer(-1,00000000000000000000000000000000) [PhysX] Initialized MultithreadedTaskDispatcher with 32 workers.
 -> (artifact id: '52dd0c5f0a05523fa70d2b66f0d59005') in 0.001075 seconds
Start importing Packages/com.unity.ugui/Editor/UI/ToggleEditor.cs using Guid(d36a7c7a1ed377c4b8008e53032d7dcf) Importer(-1,00000000000000000000000000000000) [PhysX] Initialized MultithreadedTaskDispatcher with 32 workers.
 -> (artifact id: '879485f6a247b0fb872d9409d26b9d66') in 0.000972 seconds
Start importing Packages/com.unity.ugui/Tests/Runtime/Toggle/ToggleTests.cs using Guid(14427eecd0bccea468addc3492aaef57) Importer(-1,00000000000000000000000000000000) [PhysX] Initialized MultithreadedTaskDispatcher with 32 workers.
 -> (artifact id: '7a86dfe4b6386b56b950689fb3088bb9') in 0.001181 seconds
Start importing Packages/com.unity.ugui/Tests/Editor/RectMask2D/RectMask2DCulling.cs using Guid(4402dcee6e9969549bf5b33f11533208) Importer(-1,00000000000000000000000000000000) [PhysX] Initialized MultithreadedTaskDispatcher with 32 workers.
 -> (artifact id: 'ca75c4323ab50961293dbfcb03f5dce2') in 0.000859 seconds
Start importing Packages/com.unity.ugui/Runtime/UI/Core/GraphicRebuildTracker.cs using Guid(445cdcfc747eba94288b97f5869aa2fb) Importer(-1,00000000000000000000000000000000) [PhysX] Initialized MultithreadedTaskDispatcher with 32 workers.
 -> (artifact id: '03dd077ecc7fbd0ffd889f878b2633b1') in 0.000990 seconds
Start importing Packages/com.unity.ugui/Runtime/UI/Core/Utility/VertexHelper.cs using Guid(c459424081436584c8cec10767f9ac38) Importer(-1,00000000000000000000000000000000) [PhysX] Initialized MultithreadedTaskDispatcher with 32 workers.
 -> (artifact id: '794aa8856757563f1614725c7e853cc4') in 0.001047 seconds
Start importing Packages/com.unity.ugui/Runtime/EventSystem/Raycasters/PhysicsRaycaster.cs using Guid(c49b4cc203aa6414fae5c798d1d0e7d6) Importer(-1,00000000000000000000000000000000) [PhysX] Initialized MultithreadedTaskDispatcher with 32 workers.
 -> (artifact id: 'c564bb086de5400a928e88350ad3cd15') in 0.000864 seconds
Start importing Packages/com.unity.ugui/Tests/Runtime/Canvas/CanvasResizeCorrectlyForRenderTexture.cs using Guid(d4dbe29df1b294c4f8f0a2fb529d19fd) Importer(-1,00000000000000000000000000000000) [PhysX] Initialized MultithreadedTaskDispatcher with 32 workers.
 -> (artifact id: '96e3ffc3d4a4201f8b5e92d492ed0586') in 0.000934 seconds
Start importing Packages/com.unity.ugui/Tests/Runtime/EventSystem/InputModuleTests.cs using Guid(e4e290d31ab7fb54880746bb8f818e0d) Importer(-1,00000000000000000000000000000000) [PhysX] Initialized MultithreadedTaskDispatcher with 32 workers.
 -> (artifact id: '67407c5f40006284386c01d87af6be0b') in 0.001388 seconds
Start importing Packages/com.unity.ugui/Tests/Runtime/EventSystem/InputModuleTests/PointerClickCallbackCheck.cs using Guid(0573713975c6b8246b7544ed524ef1dc) Importer(-1,00000000000000000000000000000000) [PhysX] Initialized MultithreadedTaskDispatcher with 32 workers.
 -> (artifact id: '0b9ab91f3c960a38c375d6b9f562e7c9') in 0.000940 seconds
Start importing Packages/com.unity.ugui/Editor/UI/DropdownEditor.cs using Guid(05f582d4fbc8e0c40afccb76bbbe0935) Importer(-1,00000000000000000000000000000000) [PhysX] Initialized MultithreadedTaskDispatcher with 32 workers.
 -> (artifact id: '333374a2a5faee0ba9393c7588b39b54') in 0.000936 seconds
Start importing Packages/com.unity.ugui/Runtime/EventSystem/InputModules/BaseInput.cs using Guid(1511ccae7919cfc46b603b9b337fdc94) Importer(-1,00000000000000000000000000000000) [PhysX] Initialized MultithreadedTaskDispatcher with 32 workers.
 -> (artifact id: '39502bbedf068a6c31248183c6025742') in 0.000983 seconds
Start importing Packages/com.unity.ugui/Runtime/UI/Core/SpriteState.cs using Guid(25b01819c6e1649428db2a9b274cf364) Importer(-1,00000000000000000000000000000000) [PhysX] Initialized MultithreadedTaskDispatcher with 32 workers.
 -> (artifact id: '9aa86c0be502a563e3befe0d892c651e') in 0.001044 seconds
Start importing Packages/com.unity.ugui/Runtime/EventSystem/RaycastResult.cs using Guid(3550d8ec6f29ab34d895ae9a43d560c2) Importer(-1,00000000000000000000000000000000) [PhysX] Initialized MultithreadedTaskDispatcher with 32 workers.
 -> (artifact id: '6004657ae86ba5710b35a8d27a8f3c6d') in 0.001302 seconds
Start importing Packages/com.unity.ugui/Tests/Editor/Canvas/CanvasElementsMaintainValidPositionsWhenCameraOrthoSizeIsZero.cs using Guid(35a0d10199de49f4db0128003bfd3bda) Importer(-1,00000000000000000000000000000000) [PhysX] Initialized MultithreadedTaskDispatcher with 32 workers.
 -> (artifact id: '824b5df97fc4bfcb67246eb92c9c3d40') in 0.001239 seconds
Start importing Packages/com.unity.ugui/Editor/UI/ContentSizeFitterEditor.cs using Guid(35d143b352678294ab0f5feb97b67f88) Importer(-1,00000000000000000000000000000000) [PhysX] Initialized MultithreadedTaskDispatcher with 32 workers.
 -> (artifact id: '04133f9e88ed2f27fc594ae783d1d1af') in 0.000897 seconds
Start importing Packages/com.unity.ugui/Tests/Runtime/Dropdown/DropdownTests.cs using Guid(358a618bc6bd9354d81cc206fd2ed80e) Importer(-1,00000000000000000000000000000000) [PhysX] Initialized MultithreadedTaskDispatcher with 32 workers.
 -> (artifact id: '8e03f173f71287780fb2ceb63c55687c') in 0.000966 seconds
Start importing Packages/com.unity.ugui/Tests/Editor/Canvas/CanvasWidthAssertionErrorWithRectTransform.cs using Guid(4585b5feb801bdb44b0e5eafdd95a3be) Importer(-1,00000000000000000000000000000000) [PhysX] Initialized MultithreadedTaskDispatcher with 32 workers.
 -> (artifact id: 'd00e51662f06f370955eb73e791f730b') in 0.000860 seconds
Start importing Packages/com.unity.ugui/Runtime/EventSystem/EventData/PointerEventData.cs using Guid(75df57ccb1e44c64085399277405e1ca) Importer(-1,00000000000000000000000000000000) [PhysX] Initialized MultithreadedTaskDispatcher with 32 workers.
 -> (artifact id: 'b02904bdc3352d58b322768895f8ba10') in 0.000942 seconds
Start importing Packages/com.unity.ugui/Tests/Runtime/Canvas/CoroutineWorksIfUIObjectIsAttached.cs using Guid(8573c56c34e616248a3881b2c56280ef) Importer(-1,00000000000000000000000000000000) [PhysX] Initialized MultithreadedTaskDispatcher with 32 workers.
 -> (artifact id: '29cbbaf7b6e462d0fa52ce92f60cfe16') in 0.000900 seconds
Start importing Packages/com.unity.ugui/Runtime/UI/Core/VertexModifiers/IMeshModifier.cs using Guid(85f3c3a3c2623cd4da1661b0479e2ef2) Importer(-1,00000000000000000000000000000000) [PhysX] Initialized MultithreadedTaskDispatcher with 32 workers.
 -> (artifact id: '22d07939b883489ce34b6d3d22ebf951') in 0.001265 seconds
Start importing Packages/com.unity.ugui/Runtime/UI/Core/Layout/HorizontalOrVerticalLayoutGroup.cs using Guid(a5c214e5846a99242b348c37e49b2f59) Importer(-1,00000000000000000000000000000000) [PhysX] Initialized MultithreadedTaskDispatcher with 32 workers.
 -> (artifact id: 'd67371c21554a156a2dda2b6d6b38218') in 0.001360 seconds
Start importing Packages/com.unity.ugui/Tests/Runtime/Image/ImageTests.cs using Guid(a598580d0cfc7224ebed8d2b627d9e00) Importer(-1,00000000000000000000000000000000) [PhysX] Initialized MultithreadedTaskDispatcher with 32 workers.
 -> (artifact id: '6cc0cdedc6cadef6e42b3c564017a510') in 0.000864 seconds
Start importing Packages/com.unity.ugui/Tests/Runtime/TextEditor/TextEditorBackspaceDelete.cs using Guid(b5f31b7e60df3e64796fb7ab6f54f489) Importer(-1,00000000000000000000000000000000) [PhysX] Initialized MultithreadedTaskDispatcher with 32 workers.
 -> (artifact id: '2dab37bdf4b7dca456a4ac47bf901744') in 0.000978 seconds
Start importing Packages/com.unity.ugui/Editor/UI/AspectRatioFitterEditor.cs using Guid(b5f70efd2f7b286498ca6c00adbb4a13) Importer(-1,00000000000000000000000000000000) [PhysX] Initialized MultithreadedTaskDispatcher with 32 workers.
 -> (artifact id: '8594cd6f1bde394dfee63b792c7225cf') in 0.000910 seconds
Start importing Packages/com.unity.ugui/Editor/Properties/AssemblyInfo.cs using Guid(d51458b261e0ecc4a98904e53924dc1c) Importer(-1,00000000000000000000000000000000) [PhysX] Initialized MultithreadedTaskDispatcher with 32 workers.
 -> (artifact id: '286cc99b6bf58b9589c5baa5afd65c28') in 0.000818 seconds
Start importing Packages/com.unity.ugui/Tests/Runtime/Util/UIBehaviourExtensions.cs using Guid(d548f82e7e9c0ed49ae5b4a5eecfb2f7) Importer(-1,00000000000000000000000000000000) [PhysX] Initialized MultithreadedTaskDispatcher with 32 workers.
 -> (artifact id: '22794c712adc69ec096eea891dd90012') in 0.000911 seconds
Start importing Packages/com.unity.ugui/Tests/Runtime/ScrollRect/ScrollRectClamp.cs using Guid(d56dbb97f857c8040beef6dd1bfc97df) Importer(-1,00000000000000000000000000000000) [PhysX] Initialized MultithreadedTaskDispatcher with 32 workers.
 -> (artifact id: 'b8a331733ac70192caad2cdaad476b89') in 0.000871 seconds
Start importing Packages/com.unity.ugui/Tests/Runtime/InputField/FakeInputModule.cs using Guid(16c6414b77a90ff4098767dce485c495) Importer(-1,00000000000000000000000000000000) [PhysX] Initialized MultithreadedTaskDispatcher with 32 workers.
 -> (artifact id: 'ad128a24b064ae987154165b0afea5ac') in 0.000963 seconds
Start importing Packages/com.unity.ugui/Runtime/EventSystem/RaycasterManager.cs using Guid(26570be2af04195458e6f1ac1f5c48e0) Importer(-1,00000000000000000000000000000000) [PhysX] Initialized MultithreadedTaskDispatcher with 32 workers.
 -> (artifact id: '437a8dfc977248525878851091da5c52') in 0.000905 seconds
Start importing Packages/com.unity.ugui/Editor/UI/SpriteDrawUtility.cs using Guid(260b531edc40677429c0198d6961e448) Importer(-1,00000000000000000000000000000000) [PhysX] Initialized MultithreadedTaskDispatcher with 32 workers.
 -> (artifact id: '3971ad6924f8343bd470acdc794695b0') in 0.001205 seconds
Start importing Packages/com.unity.ugui/Runtime/UI/Core/Layout/ILayoutElement.cs using Guid(368d3a0498e78014da578aa5f45e2797) Importer(-1,00000000000000000000000000000000) [PhysX] Initialized MultithreadedTaskDispatcher with 32 workers.
 -> (artifact id: 'c98ed3d006292d9656f7d3fb22cca15e') in 0.000967 seconds
Start importing Packages/com.unity.ugui/Runtime/EventSystem/Raycasters/Physics2DRaycaster.cs using Guid(56666c5a40171f54783dd416a44f42bf) Importer(-1,00000000000000000000000000000000) [PhysX] Initialized MultithreadedTaskDispatcher with 32 workers.
 -> (artifact id: '8e258d4aec7a5b02e7dff75f03366db5') in 0.000862 seconds
Start importing Packages/com.unity.ugui/Editor/UI/ScrollRectEditor.cs using Guid(56ba6cb160ebfc042b48224bd1a35614) Importer(-1,00000000000000000000000000000000) [PhysX] Initialized MultithreadedTaskDispatcher with 32 workers.
 -> (artifact id: 'b27ca50164cfb65e07009fbe1189a2b6') in 0.000997 seconds
Start importing Packages/com.unity.ugui/Editor/UI/LayoutElementEditor.cs using Guid(7693972390a4ed841a986c0c452c1058) Importer(-1,00000000000000000000000000000000) [PhysX] Initialized MultithreadedTaskDispatcher with 32 workers.
 -> (artifact id: 'ece5d2c550223b38ae1357588521701c') in 0.000952 seconds
Start importing Packages/com.unity.ugui/Runtime/EventSystem/EventSystem.cs using Guid(76c392e42b5098c458856cdf6ecaaaa1) Importer(-1,00000000000000000000000000000000) [PhysX] Initialized MultithreadedTaskDispatcher with 32 workers.
 -> (artifact id: '379e918216e23ea0a222219aac28a41e') in 0.000955 seconds
Start importing Packages/com.unity.ugui/Tests/Runtime/EventSystem/InputModuleTests/DragCallbackCheck.cs using Guid(76c82729ad712f14bae1a8a279c52ac3) Importer(-1,00000000000000000000000000000000) [PhysX] Initialized MultithreadedTaskDispatcher with 32 workers.
 -> (artifact id: '81cc939f3f3710c5377f487662cfc7cd') in 0.000937 seconds
Start importing Packages/com.unity.ugui/Runtime/UI/Core/Layout/AspectRatioFitter.cs using Guid(86710e43de46f6f4bac7c8e50813a599) Importer(-1,00000000000000000000000000000000) [PhysX] Initialized MultithreadedTaskDispatcher with 32 workers.
 -> (artifact id: '3d339353cfb91f9b37abcd9a89630c5d') in 0.001260 seconds
Start importing Packages/com.unity.ugui/Runtime/UI/Core/Graphic.cs using Guid(a6238e9452bfc704f82ff36791fe1a45) Importer(-1,00000000000000000000000000000000) [PhysX] Initialized MultithreadedTaskDispatcher with 32 workers.
 -> (artifact id: '3693b61608a83ec4776e2257e25bc2e6') in 0.000916 seconds
Start importing Packages/com.unity.ugui/Editor/UI/PrefabLayoutRebuilder.cs using Guid(a62706dc421fc9b4fa368a8050a930f7) Importer(-1,00000000000000000000000000000000) [PhysX] Initialized MultithreadedTaskDispatcher with 32 workers.
 -> (artifact id: '325c414e3055b4a1f013898dccae059e') in 0.001168 seconds
Start importing Packages/com.unity.ugui/Tests/Runtime/Graphic/MaskTests.cs using Guid(b611b0a598aeada419afa9737807c598) Importer(-1,00000000000000000000000000000000) [PhysX] Initialized MultithreadedTaskDispatcher with 32 workers.
 -> (artifact id: '0619b1ca133779e351a2c646f46df3d8') in 0.001028 seconds
Start importing Packages/com.unity.ugui/Runtime/UI/Core/Culling/RectangularVertexClipper.cs using Guid(c606041f02fc7d542b1429806872292b) Importer(-1,00000000000000000000000000000000) [PhysX] Initialized MultithreadedTaskDispatcher with 32 workers.
 -> (artifact id: '13f2b5ce77c6d15f9d6b93de62c88428') in 0.000858 seconds
Start importing Packages/com.unity.ugui/Runtime/UI/Core/AnimationTriggers.cs using Guid(c67ac6e40bbb6fe47a095b949b609ce0) Importer(-1,00000000000000000000000000000000) [PhysX] Initialized MultithreadedTaskDispatcher with 32 workers.
 -> (artifact id: '3bfc3ca204f2e51f715cda9d83fe15b6') in 0.000941 seconds
Start importing Packages/com.unity.ugui/Editor/UI/RawImageEditor.cs using Guid(e6413f4090046814d802ddbff9890878) Importer(-1,00000000000000000000000000000000) [PhysX] Initialized MultithreadedTaskDispatcher with 32 workers.
 -> (artifact id: 'b85c06e8ae2116a4eb0c0fd39acc4bc3') in 0.001182 seconds
Start importing Packages/com.unity.ugui/Tests/Runtime/EventSystem/GraphicRaycasterTests.cs using Guid(e6323ebef616fee4486ee155cd56d191) Importer(-1,00000000000000000000000000000000) [PhysX] Initialized MultithreadedTaskDispatcher with 32 workers.
 -> (artifact id: 'a948449ceca14b8a1dcf7edaeb05e3d5') in 0.001171 seconds
Start importing Assets/AuraCardFrameFxLab/Editor/AuraCardFrameFxLabSceneBuilder.cs using Guid(176f05b64bf840a4ebc1d0bf801eb602) Importer(-1,00000000000000000000000000000000) [PhysX] Initialized MultithreadedTaskDispatcher with 32 workers.
 -> (artifact id: '831c225767a597486b8f75c12a98f218') in 0.004879 seconds
Start importing Packages/com.unity.ugui/Editor/EventSystem/EventTriggerEditor.cs using Guid(37b164a494cd92a498526852ecceedef) Importer(-1,00000000000000000000000000000000) [PhysX] Initialized MultithreadedTaskDispatcher with 32 workers.
 -> (artifact id: 'ac7f3ef6e5555c7b33dff560f13f143e') in 0.001284 seconds
Start importing Packages/com.unity.ugui/Runtime/UI/Core/Culling/IClipRegion.cs using Guid(371b6b9c8adc50745ace66a6fdf67481) Importer(-1,00000000000000000000000000000000) [PhysX] Initialized MultithreadedTaskDispatcher with 32 workers.
 -> (artifact id: '3c416dc81a955c44434263848dd88808') in 0.001000 seconds
Start importing Packages/com.unity.ugui/Tests/Editor/Slider/SliderRectReferences.cs using Guid(373b4c78c0396334288fa5ff8e7b7350) Importer(-1,00000000000000000000000000000000) [PhysX] Initialized MultithreadedTaskDispatcher with 32 workers.
 -> (artifact id: '17ae6b4299ae811e1b7d078a54332ecf') in 0.000870 seconds
Start importing Packages/com.unity.ugui/Editor/UI/ButtonEditor.cs using Guid(472a6f18dd2f97c41af72271d22db869) Importer(-1,00000000000000000000000000000000) [PhysX] Initialized MultithreadedTaskDispatcher with 32 workers.
 -> (artifact id: 'cfe993c68b6c35f7575357c009c14833') in 0.000892 seconds
Start importing Packages/com.unity.ugui/Runtime/UI/Core/Culling/Clipping.cs using Guid(67e3583b91179094094c6a188b232262) Importer(-1,00000000000000000000000000000000) [PhysX] Initialized MultithreadedTaskDispatcher with 32 workers.
 -> (artifact id: '2eccbcbc74a5ddcfdb5a5997e2585f56') in 0.001242 seconds
Start importing Packages/com.unity.ugui/Runtime/UI/Core/Slider.cs using Guid(67db9e8f0e2ae9c40bc1e2b64352a6b4) Importer(-1,00000000000000000000000000000000) [PhysX] Initialized MultithreadedTaskDispatcher with 32 workers.
 -> (artifact id: '99da924a6f7ec68fa8731583a00a0c0e') in 0.001001 seconds
Start importing Packages/com.unity.ugui/Tests/Editor/UnityEvent/UnityEventInvoke.cs using Guid(977190a4db46de442aed27279d247df4) Importer(-1,00000000000000000000000000000000) [PhysX] Initialized MultithreadedTaskDispatcher with 32 workers.
 -> (artifact id: '316de5f65e0cc8e6d304d5af1fdb5381') in 0.000967 seconds
Start importing Packages/com.unity.ugui/Tests/Runtime/Image/TestableImage.cs using Guid(9713795381722eb43b623dffba25d115) Importer(-1,00000000000000000000000000000000) [PhysX] Initialized MultithreadedTaskDispatcher with 32 workers.
 -> (artifact id: 'd2614a96b3f19bd77e65444f5b91912b') in 0.000888 seconds
Start importing Packages/com.unity.ugui/Runtime/UI/Core/MaskableGraphic.cs using Guid(976acc75bfafe594cb01142ba21947be) Importer(-1,00000000000000000000000000000000) [PhysX] Initialized MultithreadedTaskDispatcher with 32 workers.
 -> (artifact id: 'ee0cd6ae79b7d60f7ba03b20e2e532f4') in 0.001265 seconds
Start importing Packages/com.unity.ugui/Editor/UI/ImageEditor.cs using Guid(b759d61544e231c41bc88530b1d94ee8) Importer(-1,00000000000000000000000000000000) [PhysX] Initialized MultithreadedTaskDispatcher with 32 workers.
 -> (artifact id: 'e9195fdd64521e938fbb7b14f96ab8bb') in 0.000899 seconds
Start importing Packages/com.unity.ugui/Editor/UI/ScrollbarEditor.cs using Guid(f700f31b2e40d7f4bb69753fdbbbc2b5) Importer(-1,00000000000000000000000000000000) [PhysX] Initialized MultithreadedTaskDispatcher with 32 workers.
 -> (artifact id: '107d533ef6fffee16e6a76f3358bcb2e') in 0.000990 seconds
Start importing Packages/com.unity.ugui/Tests/Runtime/Canvas/RectangleContainsScreenPointTest.cs using Guid(08a8587e5f07fb64f88a0cbe2ebe327e) Importer(-1,00000000000000000000000000000000) [PhysX] Initialized MultithreadedTaskDispatcher with 32 workers.
 -> (artifact id: '2d88f58b31b363a0186735a277dcc86a') in 0.001002 seconds
Start importing Packages/com.unity.ugui/Tests/Runtime/Layout/LayoutGroupScaling.cs using Guid(589533fb2413e3e4fba7df13a6a75bf2) Importer(-1,00000000000000000000000000000000) [PhysX] Initialized MultithreadedTaskDispatcher with 32 workers.
 -> (artifact id: '7d0ffcca4e19c54994c494925dee85ac') in 0.001034 seconds
Start importing Packages/com.unity.ugui/Editor/UI/RectMask2DEditor.cs using Guid(58e7d991249847640b1534192721c5ea) Importer(-1,00000000000000000000000000000000) [PhysX] Initialized MultithreadedTaskDispatcher with 32 workers.
 -> (artifact id: 'b2076a0b28f1a3b12abcbc9fd3991e3b') in 0.000985 seconds
Start importing Packages/com.unity.ugui/Tests/Runtime/ScrollRect/ScrollRectStableLayout.cs using Guid(7883cd788d83a71478342eef943e8150) Importer(-1,00000000000000000000000000000000) [PhysX] Initialized MultithreadedTaskDispatcher with 32 workers.
 -> (artifact id: 'aa22f5ba94bf3d02124af2318b02cdd4') in 0.000935 seconds
Start importing Packages/com.unity.ugui/Runtime/UI/Core/SpecializedCollections/IndexedSet.cs using Guid(a8604e8f13b3be84b8bc0c1507d8f3f6) Importer(-1,00000000000000000000000000000000) [PhysX] Initialized MultithreadedTaskDispatcher with 32 workers.
 -> (artifact id: 'da09ef2d179649a4fe323b2a9e8a8249') in 0.001203 seconds
Start importing Packages/com.unity.ugui/Editor/UI/PropertyDrawers/ColorBlockDrawer.cs using Guid(b825fd5f27403b84f97726dd9c5a5e6f) Importer(-1,00000000000000000000000000000000) [PhysX] Initialized MultithreadedTaskDispatcher with 32 workers.
 -> (artifact id: 'd5b46d791257b5aaa59ab73e6e865c5b') in 0.000932 seconds
Start importing Packages/com.unity.ugui/Editor/UI/GraphicEditor.cs using Guid(c890977a36bfdc849872b9337ab89098) Importer(-1,00000000000000000000000000000000) [PhysX] Initialized MultithreadedTaskDispatcher with 32 workers.
 -> (artifact id: '0b74c165c5f370f331d89c811d2730cb') in 0.000988 seconds
Start importing Packages/com.unity.ugui/Tests/Editor/CanvasRenderer/ChangingHierarchyOfCanvasRenderer.cs using Guid(c825bad77a42dd341a8f0a5ef9cd5f4c) Importer(-1,00000000000000000000000000000000) [PhysX] Initialized MultithreadedTaskDispatcher with 32 workers.
 -> (artifact id: '1d8e6d097c168cae81198aa281e08674') in 0.001570 seconds
Start importing Packages/com.unity.ugui/Tests/Runtime/Graphic/GraphicTests.cs using Guid(e88a766c2b8b47841936c136f4afbba9) Importer(-1,00000000000000000000000000000000) [PhysX] Initialized MultithreadedTaskDispatcher with 32 workers.
 -> (artifact id: 'cd325c9d43c1a43c4cdf9abad3b1c953') in 0.001087 seconds
Start importing Packages/com.unity.ugui/Tests/Runtime/InputField/TouchInputFieldTests.cs using Guid(e89ff5e7c669f70409de18c9948164d4) Importer(-1,00000000000000000000000000000000) [PhysX] Initialized MultithreadedTaskDispatcher with 32 workers.
 -> (artifact id: '5cb1723cea0501ae2a976543885635c3') in 0.000918 seconds
Start importing Packages/com.unity.ugui/Editor/UI/MenuOptions.cs using Guid(f867743975592a743a3581ff042bcc25) Importer(-1,00000000000000000000000000000000) [PhysX] Initialized MultithreadedTaskDispatcher with 32 workers.
 -> (artifact id: '6948a2d5744e3b3114db04645b92c3d6') in 0.001133 seconds
Start importing Packages/com.unity.ugui/Tests/Runtime/EventSystem/InputModuleTests/MouseUpdate.cs using Guid(19c6f364c1e81cb4f829a057824639ad) Importer(-1,00000000000000000000000000000000) [PhysX] Initialized MultithreadedTaskDispatcher with 32 workers.
 -> (artifact id: '3a9178631297a5fae9f315a308768c38') in 0.000967 seconds
Start importing Packages/com.unity.ugui/Tests/Editor/TestBehaviourBase.cs using Guid(393b15da08c88194dbbcacd6ee15a89c) Importer(-1,00000000000000000000000000000000) [PhysX] Initialized MultithreadedTaskDispatcher with 32 workers.
 -> (artifact id: '83f75e9f8dccf4cdd4aa59fff6547a8c') in 0.000969 seconds
Start importing Packages/com.unity.ugui/Runtime/UI/Core/FontUpdateTracker.cs using Guid(39ab466162988eb4f83443f911bbf5c8) Importer(-1,00000000000000000000000000000000) [PhysX] Initialized MultithreadedTaskDispatcher with 32 workers.
 -> (artifact id: '113ce8053778e6ee8b07498e130fc4e3') in 0.000889 seconds
Start importing Packages/com.unity.ugui/Tests/Runtime/EventSystem/SelectableTests.cs using Guid(39dcddcb5895328489c92214aa73e3bb) Importer(-1,00000000000000000000000000000000) [PhysX] Initialized MultithreadedTaskDispatcher with 32 workers.
 -> (artifact id: '9554b4f97a1587a14d168bab90b6c40a') in 0.000978 seconds
Start importing Packages/com.unity.ugui/Runtime/UI/Core/Layout/VerticalLayoutGroup.cs using Guid(59f8146938fff824cb5fd77236b75775) Importer(-1,00000000000000000000000000000000) [PhysX] Initialized MultithreadedTaskDispatcher with 32 workers.
 -> (artifact id: '4dcb3deda044ad31b583b9cddd436a3d') in 0.001033 seconds
Start importing Packages/com.unity.ugui/Runtime/UI/Core/GraphicRegistry.cs using Guid(69e3979b7029e8a4da2d96b714ba5c3a) Importer(-1,00000000000000000000000000000000) [PhysX] Initialized MultithreadedTaskDispatcher with 32 workers.
 -> (artifact id: '5266356ec7a4656625374e10ad81d755') in 0.001175 seconds
Start importing Packages/com.unity.ugui/Runtime/UI/Core/StencilMaterial.cs using Guid(69ae55f76840b2849ba56cfb53a17df0) Importer(-1,00000000000000000000000000000000) [PhysX] Initialized MultithreadedTaskDispatcher with 32 workers.
 -> (artifact id: '913b1e2a943662fcf61c2372e6a68c45') in 0.001099 seconds
Start importing Packages/com.unity.ugui/Tests/Editor/Canvas/RootCanvasTests.cs using Guid(798968d841703b54bb9d08b1da6bc52f) Importer(-1,00000000000000000000000000000000) [PhysX] Initialized MultithreadedTaskDispatcher with 32 workers.
 -> (artifact id: '75d01835ad2562515ded0a9abf4042c6') in 0.000996 seconds
Start importing Packages/com.unity.ugui/Editor/UI/LayoutPropertiesPreview.cs using Guid(794f3951c48395848920fdb593a2ae38) Importer(-1,00000000000000000000000000000000) [PhysX] Initialized MultithreadedTaskDispatcher with 32 workers.
 -> (artifact id: 'eacf9655bf3b898342116465296b9893') in 0.001167 seconds
Start importing Packages/com.unity.ugui/Runtime/UI/Core/SetPropertyUtility.cs using Guid(b9ba34e0b1884454fbc4257260e22b64) Importer(-1,00000000000000000000000000000000) [PhysX] Initialized MultithreadedTaskDispatcher with 32 workers.
 -> (artifact id: 'ace0959ef76ae94a1badc079f9a87f39') in 0.000979 seconds
Start importing Packages/com.unity.ugui/Tests/Runtime/Layout/GridLayoutGroupTests.cs using Guid(b9eb962217e00bf4fbc734e109991fca) Importer(-1,00000000000000000000000000000000) [PhysX] Initialized MultithreadedTaskDispatcher with 32 workers.
 -> (artifact id: '794d980c82437cdd7850b6caf6c5be29') in 0.001049 seconds
Start importing Packages/com.unity.ugui/Tests/Runtime/ScrollRect/ScrollRectTests.cs using Guid(d925cabd9ecd5074aadab0726b96c38f) Importer(-1,00000000000000000000000000000000) [PhysX] Initialized MultithreadedTaskDispatcher with 32 workers.
 -> (artifact id: 'ede79064e8520463370427026b484e72') in 0.001189 seconds
Start importing Packages/com.unity.ugui/Tests/Runtime/LayoutGroup/LayoutGroupArrangement.cs using Guid(e9a32780b69dcdb438da3e3f43202f54) Importer(-1,00000000000000000000000000000000) [PhysX] Initialized MultithreadedTaskDispatcher with 32 workers.
 -> (artifact id: 'cd60be06d43c918aa441da527cb4199d') in 0.001336 seconds
Start importing Packages/com.unity.ugui/Editor/UI/SelectableEditor.cs using Guid(e9253e696cd45794d9aec6d4de366b6e) Importer(-1,00000000000000000000000000000000) [PhysX] Initialized MultithreadedTaskDispatcher with 32 workers.
 -> (artifact id: 'f1751620508edf78ce39f65197ae7e79') in 0.001086 seconds
Start importing Packages/com.unity.ugui/Editor/EventSystem/PhysicsRaycasterEditor.cs using Guid(e976a5e755c7016418f66e15223c1b90) Importer(-1,00000000000000000000000000000000) [PhysX] Initialized MultithreadedTaskDispatcher with 32 workers.
 -> (artifact id: '68d39307cbb820e4cf0fa15d327cddf9') in 0.001014 seconds
Start importing Packages/com.unity.ugui/Tests/Runtime/ScrollRect/ScrollRectScale.cs using Guid(e9cac674d67385249b2805670e618c24) Importer(-1,00000000000000000000000000000000) [PhysX] Initialized MultithreadedTaskDispatcher with 32 workers.
 -> (artifact id: '461249e3ec79a81720563693021e98e5') in 0.000984 seconds
Start importing Packages/com.unity.ugui/Runtime/EventSystem/UIBehaviour.cs using Guid(0aaa057ce5566e940b18a0ccd0344693) Importer(-1,00000000000000000000000000000000) [PhysX] Initialized MultithreadedTaskDispatcher with 32 workers.
 -> (artifact id: '0776c19390cb8ad1573102823992e804') in 0.000911 seconds
Start importing Packages/com.unity.ugui/Tests/Runtime/Image/ImageFilledGenerateWork.cs using Guid(1a70a790a43cd0d4a96f75746841f764) Importer(-1,00000000000000000000000000000000) [PhysX] Initialized MultithreadedTaskDispatcher with 32 workers.
 -> (artifact id: '1a8817f6e07f7dc3b79aacc36a765f46') in 0.001096 seconds
Start importing Packages/com.unity.ugui/Runtime/UI/Core/ScrollRect.cs using Guid(1aa08ab6e0800fa44ae55d278d1423e3) Importer(-1,00000000000000000000000000000000) [PhysX] Initialized MultithreadedTaskDispatcher with 32 workers.
 -> (artifact id: '6d7ce8e025a33e4827b486b97ab2e818') in 0.001120 seconds
Start importing Packages/com.unity.ugui/Tests/Runtime/Canvas/BridgeScriptForRetainingObjects.cs using Guid(1a26e19d51cbfac42a02631ad1f9e39e) Importer(-1,00000000000000000000000000000000) [PhysX] Initialized MultithreadedTaskDispatcher with 32 workers.
 -> (artifact id: 'd46180bf5348af037b61a77b3a0d624f') in 0.001023 seconds
Start importing Packages/com.unity.ugui/Runtime/UI/Core/Scrollbar.cs using Guid(2a4db7a114972834c8e4117be1d82ba3) Importer(-1,00000000000000000000000000000000) [PhysX] Initialized MultithreadedTaskDispatcher with 32 workers.
 -> (artifact id: '70e28e3050c6af38ecdfc7c8aed132f2') in 0.001483 seconds
Start importing Packages/com.unity.ugui/Tests/Editor/EventSystem/InterceptedEventsPreviewTests.cs using Guid(2aff4fada0516c64a8537a20bfe1b699) Importer(-1,00000000000000000000000000000000) [PhysX] Initialized MultithreadedTaskDispatcher with 32 workers.
 -> (artifact id: 'e7f840e8fbdaa970166335e3b0aa09d6') in 0.000927 seconds
Start importing Packages/com.unity.ugui/Tests/Editor/EventSystem/EventTriggerRemoveDuringExecution.cs using Guid(4adb1f65bbae8004a88d8f5bc3523298) Importer(-1,00000000000000000000000000000000) [PhysX] Initialized MultithreadedTaskDispatcher with 32 workers.
 -> (artifact id: '732560e592e349da0b56c469c9632e0d') in 0.001072 seconds
Start importing Packages/com.unity.ugui/Tests/Runtime/Layout/HorizonalLayoutGroupTests.cs using Guid(5af3322745e78aa488fca5a2090f8755) Importer(-1,00000000000000000000000000000000) [PhysX] Initialized MultithreadedTaskDispatcher with 32 workers.
 -> (artifact id: '81b7dd5025d9540799164fbec82cbf0a') in 0.000848 seconds
Start importing Packages/com.unity.ugui/Tests/Editor/InputField/ContentValidation.cs using Guid(5a2e98b03511c6f43bc645238cd40857) Importer(-1,00000000000000000000000000000000) [PhysX] Initialized MultithreadedTaskDispatcher with 32 workers.
 -> (artifact id: '999f19b6f3e1cd5eea29e0013356565b') in 0.001411 seconds
Start importing Packages/com.unity.ugui/Editor/UI/GridLayoutGroupEditor.cs using Guid(6a981cd1456bec84b86e1c66773f57f5) Importer(-1,00000000000000000000000000000000) [PhysX] Initialized MultithreadedTaskDispatcher with 32 workers.
 -> (artifact id: '1d40cc611743e9c198e05a07e6f42b22') in 0.001038 seconds
Start importing Packages/com.unity.ugui/Runtime/UI/Core/Selectable.cs using Guid(7a98125502f715b4b83cfb77b434e436) Importer(-1,00000000000000000000000000000000) [PhysX] Initialized MultithreadedTaskDispatcher with 32 workers.
 -> (artifact id: '9b1160db41df82b5439d7cbb2f71c199') in 0.001131 seconds
Start importing Packages/com.unity.ugui/Runtime/EventSystem/UIElements/PanelRaycaster.cs using Guid(7a79c4e23d4d4b64bfa5fa9e6671a460) Importer(-1,00000000000000000000000000000000) [PhysX] Initialized MultithreadedTaskDispatcher with 32 workers.
 -> (artifact id: 'a2b1c9dd3010eb7339fa1e0a3b5735cb') in 0.001060 seconds
Start importing Packages/com.unity.ugui/Runtime/EventSystem/UIElements/PanelEventHandler.cs using Guid(8a410b213209442fb15a69799f0240a5) Importer(-1,00000000000000000000000000000000) [PhysX] Initialized MultithreadedTaskDispatcher with 32 workers.
 -> (artifact id: '076e0275eba05cd4d164a64254693a60') in 0.001125 seconds
Start importing Packages/com.unity.ugui/Runtime/UI/Core/Layout/GridLayoutGroup.cs using Guid(8a8695521f0d02e499659fee002a26c2) Importer(-1,00000000000000000000000000000000) [PhysX] Initialized MultithreadedTaskDispatcher with 32 workers.
 -> (artifact id: 'd9057d2a83a077cc965f34aac9f3cad7') in 0.001070 seconds
Start importing Packages/com.unity.ugui/Tests/Runtime/Layout/VerticalLayoutGroupTests.cs using Guid(8a4b6301a5afaec4cb87d21383ceb0b3) Importer(-1,00000000000000000000000000000000) [PhysX] Initialized MultithreadedTaskDispatcher with 32 workers.
 -> (artifact id: '764d9f5327dcd1e587833cacba8f92cf') in 0.000948 seconds
Start importing Packages/com.unity.ugui/Tests/Runtime/Util/PrivateFieldSetter.cs using Guid(ea944378afa086f438b3352ad7b0e835) Importer(-1,00000000000000000000000000000000) [PhysX] Initialized MultithreadedTaskDispatcher with 32 workers.
 -> (artifact id: 'b2d6d61fa0ebd6599c9ff08df91bd58b') in 0.001052 seconds
Start importing Packages/com.unity.ugui/Tests/Runtime/Util/ExceptionUtils.cs using Guid(0b2706df6fdff50448f84a3f6629b40f) Importer(-1,00000000000000000000000000000000) [PhysX] Initialized MultithreadedTaskDispatcher with 32 workers.
 -> (artifact id: 'eab1cd0fd8b81dd8e60d4fe687b0041d') in 0.001003 seconds
Start importing Packages/com.unity.ugui/Tests/Runtime/Canvas/RectMask2DReparentedToDifferentCanvas.cs using Guid(2ba506934dc2ce14591a37f3b00dca92) Importer(-1,00000000000000000000000000000000) [PhysX] Initialized MultithreadedTaskDispatcher with 32 workers.
 -> (artifact id: '5a831ada194cdd6b6eeeb111f3074dd3') in 0.001003 seconds
Start importing Packages/com.unity.ugui/Editor/UI/CanvasScalerEditor.cs using Guid(3bce033ee26244e419b3bb3bba95a37d) Importer(-1,00000000000000000000000000000000) [PhysX] Initialized MultithreadedTaskDispatcher with 32 workers.
 -> (artifact id: '83dd977aad8bf43df023c23f2b0ad7cf') in 0.001081 seconds
Start importing Packages/com.unity.ugui/Tests/Editor/InputField/CharacterLimitValidation.cs using Guid(4b8be68229770db4ea3c78ab0d854325) Importer(-1,00000000000000000000000000000000) [PhysX] Initialized MultithreadedTaskDispatcher with 32 workers.
 -> (artifact id: 'a31b46dd1c889e14b4570bb52422c8a8') in 0.004141 seconds
Start importing Assets/AuraCardFrameFxLab/Scripts/AuraCardFrameFxLabController.cs using Guid(5bcb488cf13fddd439fb2030b37db514) Importer(-1,00000000000000000000000000000000) [PhysX] Initialized MultithreadedTaskDispatcher with 32 workers.
 -> (artifact id: '3b01df233384a82d1ac3ce67f5a3a1dc') in 0.005838 seconds
Start importing Packages/com.unity.ugui/Runtime/UI/Animation/CoroutineTween.cs using Guid(7be84a49bb2cd7e4a9ed097ba22794d0) Importer(-1,00000000000000000000000000000000) [PhysX] Initialized MultithreadedTaskDispatcher with 32 workers.
 -> (artifact id: 'b0d8c4fca8f323066750e7a4945deb48') in 0.001377 seconds
Start importing Packages/com.unity.ugui/Runtime/UI/Core/MaskUtilities.cs using Guid(7bd96d76711152648a736c4d28d865f2) Importer(-1,00000000000000000000000000000000) [PhysX] Initialized MultithreadedTaskDispatcher with 32 workers.
 -> (artifact id: 'ee6e1207fde14a5c690978bc1faaadfd') in 0.001009 seconds
Start importing Packages/com.unity.ugui/Editor/UI/HorizontalOrVerticalLayoutGroupEditor.cs using Guid(cb319974ad8ebd44aa1e1fbb02640b5b) Importer(-1,00000000000000000000000000000000) [PhysX] Initialized MultithreadedTaskDispatcher with 32 workers.
 -> (artifact id: '4a0de16b7fbf41d31d312d2f96698893') in 0.001022 seconds
Start importing Packages/com.unity.ugui/Runtime/EventSystem/InputModules/PointerInputModule.cs using Guid(cbab8835092323a4389f2dc7d8f6c781) Importer(-1,00000000000000000000000000000000) [PhysX] Initialized MultithreadedTaskDispatcher with 32 workers.
 -> (artifact id: 'e4a285fe4f4fb467a5f05d1aa2cf69aa') in 0.001084 seconds
Start importing Packages/com.unity.ugui/Runtime/UI/Core/Layout/LayoutGroup.cs using Guid(cb7c939a806f03341b682c180dc13f08) Importer(-1,00000000000000000000000000000000) [PhysX] Initialized MultithreadedTaskDispatcher with 32 workers.
 -> (artifact id: '7d52df77e6e57ea8dea7b63442d42cc7') in 0.001042 seconds
Start importing Packages/com.unity.ugui/Tests/Runtime/Canvas/CreateSceneUtility.cs using Guid(db339ef553721e94999125c0b9f909dc) Importer(-1,00000000000000000000000000000000) [PhysX] Initialized MultithreadedTaskDispatcher with 32 workers.
 -> (artifact id: '8389e5a054a6b4c61c3d199dfe880e9d') in 0.001226 seconds
Start importing Packages/com.unity.ugui/Runtime/EventSystem/EventHandle.cs using Guid(db7dd43fe1278a9459cd6036f096b91d) Importer(-1,00000000000000000000000000000000) [PhysX] Initialized MultithreadedTaskDispatcher with 32 workers.
 -> (artifact id: 'e8f1bc1b139568e22c45757caaa2f6c5') in 0.001230 seconds
Start importing Packages/com.unity.ugui/Tests/Runtime/EventSystem/InputModuleTests/PointerEnterCallbackCheck.cs using Guid(eb4fb871430ff484e9ee3850946c504d) Importer(-1,00000000000000000000000000000000) [PhysX] Initialized MultithreadedTaskDispatcher with 32 workers.
 -> (artifact id: '08f5b93ecefef321764cc03a5b244002') in 0.001137 seconds
Start importing Packages/com.unity.ugui/Tests/Editor/RectMask2D/RectTransformPosition.cs using Guid(fb660d86885d89a499a31c6ab6f26269) Importer(-1,00000000000000000000000000000000) [PhysX] Initialized MultithreadedTaskDispatcher with 32 workers.
 -> (artifact id: '657dcebe36677f5751630bb6582dd196') in 0.000943 seconds
Start importing Packages/com.unity.ugui/Editor/UI/PropertyDrawers/NavigationDrawer.cs using Guid(fb27f3049fe06c246803a4a4c5b7fda3) Importer(-1,00000000000000000000000000000000) [PhysX] Initialized MultithreadedTaskDispatcher with 32 workers.
 -> (artifact id: '6531edfe1506edbaf996ad2f608b3d98') in 0.001038 seconds
Start importing Packages/com.unity.ugui/Tests/Runtime/EventSystem/RaycastSortingTests.cs using Guid(0ca2545d76d1fb34fa45a9f1e432d259) Importer(-1,00000000000000000000000000000000) [PhysX] Initialized MultithreadedTaskDispatcher with 32 workers.
 -> (artifact id: 'dd9d6f4dd00e3916bbeb2986e44e9a96') in 0.001118 seconds
Start importing Packages/com.unity.ugui/Runtime/UI/Core/Layout/CanvasScaler.cs using Guid(0cd44c1031e13a943bb63640046fad76) Importer(-1,00000000000000000000000000000000) [PhysX] Initialized MultithreadedTaskDispatcher with 32 workers.
 -> (artifact id: '8f04981e71e8731b76704ae9194bc1c9') in 0.001042 seconds
Start importing Packages/com.unity.ugui/Tests/Editor/Canvas/UISystemProfilerAddMarkerWithNullObjectDoesNotCrash.cs using Guid(0ca81982e37e893498abf804c12a22c7) Importer(-1,00000000000000000000000000000000) [PhysX] Initialized MultithreadedTaskDispatcher with 32 workers.
 -> (artifact id: '394390861dee5342b9467a3185834186') in 0.001151 seconds
Start importing Packages/com.unity.ugui/Tests/Runtime/Graphic/ToggleTestImageHook.cs using Guid(5c004b1354944164fb076276c289afc1) Importer(-1,00000000000000000000000000000000) [PhysX] Initialized MultithreadedTaskDispatcher with 32 workers.
 -> (artifact id: 'cfd66e9c8088172075afa7bb9fd04043') in 0.001199 seconds
Start importing Packages/com.unity.ugui/Tests/Runtime/Canvas/NoActiveCameraInSceneDoesNotCrashEditor.cs using Guid(9c21cfda3336137438c3001d40564be0) Importer(-1,00000000000000000000000000000000) [PhysX] Initialized MultithreadedTaskDispatcher with 32 workers.
 -> (artifact id: '783c0d4e71035f13596bf8a40a01bf1a') in 0.001100 seconds
Start importing Packages/com.unity.ugui/Tests/Runtime/Graphic/NavigationTests.cs using Guid(aca0de4e74f6cdf41a449805f345a4f5) Importer(-1,00000000000000000000000000000000) [PhysX] Initialized MultithreadedTaskDispatcher with 32 workers.
 -> (artifact id: '7afb57fde5fb090537c7f87dcebb08f2') in 0.001235 seconds
Start importing Packages/com.unity.ugui/Tests/Runtime/Graphic/RawImageTest.cs using Guid(acfa3573efc38c844be021fdaa8cf8a6) Importer(-1,00000000000000000000000000000000) [PhysX] Initialized MultithreadedTaskDispatcher with 32 workers.
 -> (artifact id: '0ef52ca30514eef3bb730d64ff57fc2e') in 0.000967 seconds
Start importing Packages/com.unity.ugui/Editor/UI/SliderEditor.cs using Guid(bc98484caab3b6d4facbcff38be93380) Importer(-1,00000000000000000000000000000000) [PhysX] Initialized MultithreadedTaskDispatcher with 32 workers.
 -> (artifact id: '103b23a11b9336401d73adefc50e95d1') in 0.001182 seconds
Start importing Packages/com.unity.ugui/Editor/UI/SelfControllerEditor.cs using Guid(dcf00682bef4d264d84a5c92c8f5a40f) Importer(-1,00000000000000000000000000000000) [PhysX] Initialized MultithreadedTaskDispatcher with 32 workers.
 -> (artifact id: '1cc451ec43a5f4abbc06124fa06be878') in 0.000984 seconds
Start importing Packages/com.unity.ugui/Runtime/UI/Core/GraphicRaycaster.cs using Guid(dc42784cf147c0c48a680349fa168899) Importer(-1,00000000000000000000000000000000) [PhysX] Initialized MultithreadedTaskDispatcher with 32 workers.
 -> (artifact id: 'b7687e7a35fa9aee9d2ef6ea5ac3fec6') in 0.001102 seconds
Start importing Packages/com.unity.ugui/Tests/Editor/CanvasRenderer/ParentCanvasIsSane.cs using Guid(dcb49b07db5e5f64e876b498105314f1) Importer(-1,00000000000000000000000000000000) [PhysX] Initialized MultithreadedTaskDispatcher with 32 workers.
 -> (artifact id: '86fd43e1ec7d0afe052fe847307ae87f') in 0.001496 seconds
Start importing Packages/com.unity.ugui/Tests/Runtime/Canvas/CanvasSizeCorrectInAwakeAndStart.cs using Guid(ec35c13a8280a8d4e817bc4afd8a95de) Importer(-1,00000000000000000000000000000000) [PhysX] Initialized MultithreadedTaskDispatcher with 32 workers.
 -> (artifact id: '8c57799027e382b2986b6aa61bcd4411') in 0.001193 seconds
Start importing Packages/com.unity.ugui/Tests/Editor/WrapperWindowFixture.cs using Guid(fc31799bd6dc1f74a8adfee1acd05a9b) Importer(-1,00000000000000000000000000000000) [PhysX] Initialized MultithreadedTaskDispatcher with 32 workers.
 -> (artifact id: 'a956ca45e770fdc0f1bc88877be074a4') in 0.001092 seconds
Start importing Packages/com.unity.ugui/Tests/Runtime/Slider/SliderTests.cs using Guid(fc34cd6ea308f3940a729e1a44cd0e82) Importer(-1,00000000000000000000000000000000) [PhysX] Initialized MultithreadedTaskDispatcher with 32 workers.
 -> (artifact id: '3989130f63e4e4cb92c7ee6f8d46147e') in 0.001304 seconds
Start importing Packages/com.unity.ugui/Tests/Runtime/Canvas/NestedCanvas.cs using Guid(fc8d686a4c18b8d49bb1db4150de0459) Importer(-1,00000000000000000000000000000000) [PhysX] Initialized MultithreadedTaskDispatcher with 32 workers.
 -> (artifact id: 'c13e06e600b84f5881c9dc3dd7bffb33') in 0.001190 seconds
Start importing Packages/com.unity.ugui/Runtime/UI/Core/Utility/ReflectionMethodsCache.cs using Guid(fcae021c30eccf74790a4e816ba97c19) Importer(-1,00000000000000000000000000000000) [PhysX] Initialized MultithreadedTaskDispatcher with 32 workers.
 -> (artifact id: 'b169e13414673ef488ad00195d51e272') in 0.001114 seconds
Start importing Packages/com.unity.ugui/Tests/Runtime/TextEditor/TextEditorTests.cs using Guid(0dc62a5955cf04ec298a2c3ca4b2edf2) Importer(-1,00000000000000000000000000000000) [PhysX] Initialized MultithreadedTaskDispatcher with 32 workers.
 -> (artifact id: '59f0d2d672430020885550cbf9dda1a7') in 0.001121 seconds
Start importing Packages/com.unity.ugui/Runtime/UI/Core/Dropdown.cs using Guid(0d0b652f32a2cc243917e4028fa0f046) Importer(-1,00000000000000000000000000000000) [PhysX] Initialized MultithreadedTaskDispatcher with 32 workers.
 -> (artifact id: '7ca7612a2a6b2a1a8b2b864c62fa9375') in 0.001094 seconds
Start importing Packages/com.unity.ugui/Runtime/EventSystem/InputModules/TouchInputModule.cs using Guid(2d49b7c1bcd2e07499844da127be038d) Importer(-1,00000000000000000000000000000000) [PhysX] Initialized MultithreadedTaskDispatcher with 32 workers.
 -> (artifact id: '2bd0262870387ed4cc2652b7b123a8a8') in 0.000894 seconds
Start importing Packages/com.unity.ugui/Tests/Runtime/EventSystem/GraphicRaycasterWorldSpaceCanvasTests.cs using Guid(3d42c4854f9093e409cd90c00ef26de0) Importer(-1,00000000000000000000000000000000) [PhysX] Initialized MultithreadedTaskDispatcher with 32 workers.
 -> (artifact id: 'a05db5b27cd58e2f740c3572582a4f08') in 0.001420 seconds
Start importing Packages/com.unity.ugui/Tests/Runtime/Util/ConcreteGraphic.cs using Guid(4d31e19fd539ac54c8d9151da43683e9) Importer(-1,00000000000000000000000000000000) [PhysX] Initialized MultithreadedTaskDispatcher with 32 workers.
 -> (artifact id: '84483f5ea25904d680df6547e2adb98a') in 0.001149 seconds
Start importing Packages/com.unity.ugui/Runtime/EventSystem/MoveDirection.cs using Guid(4d2250412b81fe34abf39f246e274479) Importer(-1,00000000000000000000000000000000) [PhysX] Initialized MultithreadedTaskDispatcher with 32 workers.
 -> (artifact id: 'dac65865712e58644589324be397fe1c') in 0.001202 seconds
Start importing Packages/com.unity.ugui/Tests/Runtime/Util/ImageHook.cs using Guid(5da88f348abcbd94585671a69c672781) Importer(-1,00000000000000000000000000000000) [PhysX] Initialized MultithreadedTaskDispatcher with 32 workers.
 -> (artifact id: 'fa93a2d1308d76aa2ec1469d9a01e25a') in 0.001127 seconds
Start importing Packages/com.unity.ugui/Runtime/Properties/AssemblyInfo.cs using Guid(7d7bd4bcc815cfb44b9990c29dabdb9f) Importer(-1,00000000000000000000000000000000) [PhysX] Initialized MultithreadedTaskDispatcher with 32 workers.
 -> (artifact id: 'fd3342071d2c80e7e168e354879c56f0') in 0.000946 seconds
Start importing Packages/com.unity.ugui/Runtime/EventSystem/InputModules/BaseInputModule.cs using Guid(1ea10891dd782154ca0fb67bce9e6f72) Importer(-1,00000000000000000000000000000000) [PhysX] Initialized MultithreadedTaskDispatcher with 32 workers.
 -> (artifact id: 'd6f787afe5d11add06cadfdc90fae242') in 0.000901 seconds
Start importing Packages/com.unity.ugui/Tests/Runtime/Button/ButtonTests.cs using Guid(1ef2923b9c5521948a04299da53ae750) Importer(-1,00000000000000000000000000000000) [PhysX] Initialized MultithreadedTaskDispatcher with 32 workers.
 -> (artifact id: '80a0ad74d3ca79f1a0d9a0d4ac7f63f3') in 0.000909 seconds
Start importing Packages/com.unity.ugui/Runtime/UI/Core/Button.cs using Guid(4e29b1a8efbd4b44bb3f3716e73f07ff) Importer(-1,00000000000000000000000000000000) [PhysX] Initialized MultithreadedTaskDispatcher with 32 workers.
 -> (artifact id: 'b2a43fe96c188306b578669fb43378b9') in 0.001406 seconds
Start importing Packages/com.unity.ugui/Runtime/UI/Core/MultipleDisplayUtilities.cs using Guid(5ebeb75bd91642048bb3f6c1939fde66) Importer(-1,00000000000000000000000000000000) [PhysX] Initialized MultithreadedTaskDispatcher with 32 workers.
 -> (artifact id: '0302882b61d4c20d3793826fe2daeee1') in 0.000909 seconds
Start importing Packages/com.unity.ugui/Tests/Runtime/Canvas/NestedCanvasMaintainsCorrectSize.cs using Guid(be07f70ee67e6d74e851a9333719bbb6) Importer(-1,00000000000000000000000000000000) [PhysX] Initialized MultithreadedTaskDispatcher with 32 workers.
 -> (artifact id: 'e545996af0939dde5ad42c347b8a70c3') in 0.001216 seconds
Start importing Packages/com.unity.ugui/Tests/Runtime/Layout/AspectRatioFitterTests.cs using Guid(be1b04bc4d8a415469493848e6501020) Importer(-1,00000000000000000000000000000000) [PhysX] Initialized MultithreadedTaskDispatcher with 32 workers.
 -> (artifact id: '324c1dded66ef4a755bddd532c353aad') in 0.001138 seconds
Start importing Packages/com.unity.ugui/Tests/Editor/Canvas/AssertionFailureOnOutputVertexCount.cs using Guid(bede4033d9f359b41878c4cda6a910b3) Importer(-1,00000000000000000000000000000000) [PhysX] Initialized MultithreadedTaskDispatcher with 32 workers.
 -> (artifact id: 'cbd3bf16a1d03481d6e637139529bad9') in 0.000975 seconds
Start importing Packages/com.unity.ugui/Runtime/UI/Core/IMask.cs using Guid(ceb629fc661813d40986b4abbefe72c6) Importer(-1,00000000000000000000000000000000) [PhysX] Initialized MultithreadedTaskDispatcher with 32 workers.
 -> (artifact id: 'fb22cae3985473a56c9f4160ce1ef932') in 0.000964 seconds
Start importing Packages/com.unity.ugui/Editor/UI/PropertyDrawers/FontDataDrawer.cs using Guid(fea12beeeb5a7a448b5e60f50e40975d) Importer(-1,00000000000000000000000000000000) [PhysX] Initialized MultithreadedTaskDispatcher with 32 workers.
 -> (artifact id: '36f698c7ff56d464196ea6edfb1ef752') in 0.001085 seconds
Start importing Packages/com.unity.ugui/Runtime/UI/Core/Image.cs using Guid(fe87c0e1cc204ed48ad3b37840f39efc) Importer(-1,00000000000000000000000000000000) [PhysX] Initialized MultithreadedTaskDispatcher with 32 workers.
 -> (artifact id: 'f1588991bb1293c47b13f7def7725b58') in 0.000962 seconds
Start importing Packages/com.unity.ugui/Runtime/UI/Core/ToggleGroup.cs using Guid(2fafe2cfe61f6974895a912c3755e8f1) Importer(-1,00000000000000000000000000000000) [PhysX] Initialized MultithreadedTaskDispatcher with 32 workers.
 -> (artifact id: '14a0cda88318387e9c4dd3ce5b4ce82f') in 0.001019 seconds
Start importing Packages/com.unity.ugui/Runtime/EventSystem/EventTriggerType.cs using Guid(3fa274f26b1574c40b949e114327022e) Importer(-1,00000000000000000000000000000000) [PhysX] Initialized MultithreadedTaskDispatcher with 32 workers.
 -> (artifact id: '08b0fe4134dda0efbc37ccf55a8a7661') in 0.001321 seconds
Start importing Packages/com.unity.ugui/Runtime/EventSystem/InputModules/StandaloneInputModule.cs using Guid(4f231c4fb786f3946a6b90b886c48677) Importer(-1,00000000000000000000000000000000) [PhysX] Initialized MultithreadedTaskDispatcher with 32 workers.
 -> (artifact id: 'c95f919feeac3d790dfcc1c2421f8006') in 0.001125 seconds
Start importing Packages/com.unity.ugui/Tests/Runtime/Button/TestButton.cs using Guid(4f5ed95515938d14189b094f8654d0bd) Importer(-1,00000000000000000000000000000000) [PhysX] Initialized MultithreadedTaskDispatcher with 32 workers.
 -> (artifact id: 'b9f0e1cf7dece212dc42d2cdf9809e10') in 0.001331 seconds
Start importing Packages/com.unity.ugui/Runtime/UI/Core/Text.cs using Guid(5f7201a12d95ffc409449d95f23cf332) Importer(-1,00000000000000000000000000000000) [PhysX] Initialized MultithreadedTaskDispatcher with 32 workers.
 -> (artifact id: 'd98f5ec37a322c6f33e4bdd7dd3b4864') in 0.001072 seconds
Start importing Packages/com.unity.ugui/Editor/EventSystem/EventSystemEditor.cs using Guid(6f72aa6eab9392548b9e9d92eb6b2ef8) Importer(-1,00000000000000000000000000000000) [PhysX] Initialized MultithreadedTaskDispatcher with 32 workers.
 -> (artifact id: 'd51e63cb6872892596ff03d4f6d8589d') in 0.001358 seconds
Start importing Packages/com.unity.ugui/Tests/Runtime/EventSystem/Physics2DRaycasterTests.cs using Guid(6fb761a492f57d84586a8264df7b3cc0) Importer(-1,00000000000000000000000000000000) [PhysX] Initialized MultithreadedTaskDispatcher with 32 workers.
 -> (artifact id: '29e5358ba7967be8dd062ef51b6d4752') in 0.000953 seconds
Start importing Packages/com.unity.ugui/Runtime/UI/Core/Culling/ClipperRegistry.cs using Guid(9f1026265f8e3d54fb6e9f082c43debf) Importer(-1,00000000000000000000000000000000) [PhysX] Initialized MultithreadedTaskDispatcher with 32 workers.
 -> (artifact id: 'fd94420c8ce3a858520431a3ba2f0950') in 0.001006 seconds
Start importing Packages/com.unity.ugui/Tests/Runtime/EventSystem/InputModuleTests/PointerExitCallbackCheck.cs using Guid(af94bd3a805f27e42ab86647265be74e) Importer(-1,00000000000000000000000000000000) [PhysX] Initialized MultithreadedTaskDispatcher with 32 workers.
 -> (artifact id: '8302ddb7f313a157d823e895aec5612c') in 0.001256 seconds
Start importing Packages/com.unity.ugui/Runtime/UI/Core/DefaultControls.cs using Guid(bf87e20fb5440ec498f441167b5291f8) Importer(-1,00000000000000000000000000000000) [PhysX] Initialized MultithreadedTaskDispatcher with 32 workers.
 -> (artifact id: 'a8b50e5a5c497ea849fbdbdee339dd78') in 0.000976 seconds
Start importing Packages/com.unity.ugui/Runtime/UI/Core/CanvasUpdateRegistry.cs using Guid(bfb788a43e03363419155b8af77da971) Importer(-1,00000000000000000000000000000000) [PhysX] Initialized MultithreadedTaskDispatcher with 32 workers.
 -> (artifact id: 'ec6a6e24927c146a9eddd16c509c29a0') in 0.000974 seconds
Start importing Packages/com.unity.ugui/Runtime/UI/Core/VertexModifiers/Shadow.cs using Guid(cfabb0440166ab443bba8876756fdfa9) Importer(-1,00000000000000000000000000000000) [PhysX] Initialized MultithreadedTaskDispatcher with 32 workers.
 -> (artifact id: 'a95b4ca3f5df89b9a5816f6f7859ef43') in 0.001256 seconds
Start importing Packages/com.unity.ugui/Tests/Runtime/Canvas/CanvasSizeCorrectInAwakeAndStartScript.cs using Guid(df1ba932d4ce4534e97a0f10c85cd3c9) Importer(-1,00000000000000000000000000000000) [PhysX] Initialized MultithreadedTaskDispatcher with 32 workers.
 -> (artifact id: 'd0188aa775b32f01f0800cc00a4525b1') in 0.001004 seconds
Refreshing native plugins compatible for Editor in 0.00 ms, found 0 plugins.
Native extension for WindowsStandalone target not found
Mono: successfully reloaded assembly
- Finished resetting the current domain, in  0.135 seconds
Domain Reload Profiling: 564ms
	BeginReloadAssembly (77ms)
		ExecutionOrderSort (0ms)
		DisableScriptedObjects (2ms)
		BackupInstance (0ms)
		ReleaseScriptingObjects (0ms)
		CreateAndSetChildDomain (19ms)
	RebuildCommonClasses (17ms)
	RebuildNativeTypeToScriptingClass (5ms)
	initialDomainReloadingComplete (11ms)
	LoadAllAssembliesAndSetupDomain (319ms)
		LoadAssemblies (349ms)
		RebuildTransferFunctionScriptingTraits (0ms)
		AnalyzeDomain (6ms)
			TypeCache.Refresh (4ms)
				TypeCache.ScanAssembly (1ms)
			ScanForSourceGeneratedMonoScriptInfo (1ms)
			ResolveRequiredComponents (1ms)
	FinalizeReload (135ms)
		ReleaseScriptCaches (0ms)
		RebuildScriptCaches (0ms)
		SetupLoadedEditorAssemblies (85ms)
			LogAssemblyErrors (0ms)
			InitializePlatformSupportModulesInManaged (2ms)
			SetLoadedEditorAssemblies (4ms)
			RefreshPlugins (0ms)
			BeforeProcessingInitializeOnLoad (4ms)
			ProcessInitializeOnLoadAttributes (66ms)
			ProcessInitializeOnLoadMethodAttributes (8ms)
			AfterProcessingInitializeOnLoad (1ms)
			EditorAssembliesLoaded (0ms)
		ExecutionOrderSort2 (0ms)
		AwakeInstancesAfterBackupRestoration (3ms)
Start importing Assets/AuraCardFrameFxLab/Art/SunCardFrame.png using Guid(324a383aad4e83345a99f8a03886336d) Importer(-1,00000000000000000000000000000000) [PhysX] Initialized MultithreadedTaskDispatcher with 32 workers.
 -> (artifact id: 'edd2b74f6293e96ec363910193c4b0dd') in 0.016798 seconds
Start importing Assets/AuraCardFrameFxLab/Art/CardBackground.png using Guid(f70aa32cb1df9f741b51d2f5a7970063) Importer(-1,00000000000000000000000000000000) [PhysX] Initialized MultithreadedTaskDispatcher with 32 workers.
 -> (artifact id: '40965bc2d4330330209fa5c13844b87a') in 0.009483 seconds
Start importing Assets/AuraCardFrameFxLab/Effects/WunaOrbitTrailNoise.png using Guid(3aadff830d7bc534bb52ee5e2239d480) Importer(-1,00000000000000000000000000000000) [PhysX] Initialized MultithreadedTaskDispatcher with 32 workers.
 -> (artifact id: '1a8f43c448e7380790ca8b301834d755') in 0.008230 seconds
Start importing Assets/AuraCardFrameFxLab/Effects/PokemonHoloFoil.png using Guid(0cb253d71f97fed408963e03bb6f568e) Importer(-1,00000000000000000000000000000000) [PhysX] Initialized MultithreadedTaskDispatcher with 32 workers.
 -> (artifact id: 'd8c5c24e38927808613faa0c33269a6d') in 0.008831 seconds
Start importing Assets/AuraCardFrameFxLab/Shaders/CardFaceEffect.shader using Guid(df46ea624ef24374f8487b7c447fb0d9) Importer(-1,00000000000000000000000000000000) [PhysX] Initialized MultithreadedTaskDispatcher with 32 workers.
Launched and connected shader compiler UnityShaderCompiler.exe after 0.04 seconds
There are inconsistent line endings in the 'Assets/AuraCardFrameFxLab/Shaders/CardFaceEffect.shader' script. Some are Mac OS X (UNIX) and some are Windows.
This might lead to incorrect line numbers in stacktraces and compiler errors. Many text editors can fix this using Convert Line Endings menu commands.
 -> (artifact id: '840d241b4381464123efaf7ef1781c97') in 0.134912 seconds
Start importing Packages/com.unity.ugui/README.md using Guid(e0ae6629cc70b514889df37fccb76832) Importer(-1,00000000000000000000000000000000) [PhysX] Initialized MultithreadedTaskDispatcher with 32 workers.
 -> (artifact id: '127835ff37b26214b63af60619ac1f3f') in 0.001343 seconds
Start importing Packages/com.unity.ugui/package.json using Guid(319b8889f363f5947acf209c17a94149) Importer(-1,00000000000000000000000000000000) [PhysX] Initialized MultithreadedTaskDispatcher with 32 workers.
 -> (artifact id: 'ece755b782d99bdc6631594476f6dd26') in 0.001244 seconds
Start importing Packages/com.unity.ugui/CHANGELOG.md using Guid(c851bee4305bddf438cc6ffc515991ce) Importer(-1,00000000000000000000000000000000) [PhysX] Initialized MultithreadedTaskDispatcher with 32 workers.
 -> (artifact id: '0f52373eb7599a8ef53a47d53b3535ea') in 0.000917 seconds
Start importing Packages/com.unity.ugui/LICENSE.md using Guid(4d3d51749e989f747b2674e0b4d9b3d7) Importer(-1,00000000000000000000000000000000) [PhysX] Initialized MultithreadedTaskDispatcher with 32 workers.
 -> (artifact id: '63c79248660561cac2f972f941c99088') in 0.000900 seconds
Launched and connected shader compiler UnityShaderCompiler.exe after 0.03 seconds
Refreshing native plugins compatible for Editor in 0.00 ms, found 0 plugins.
Preloading 0 native plugins for Editor in 0.00 ms.
Asset Pipeline Refresh (id=637107cebc8ddb34cb75411e01246f4f): Total: 9.034 seconds - Initiated by InitialRefreshV2(ForceSynchronousImport)
	Summary:
		Imports: total=295 (actual=295, local cache=0, cache server=0)
		Asset DB Process Time: managed=10 ms, native=1386 ms
		Asset DB Callback time: managed=36 ms, native=243 ms
		Scripting: domain reloads=1, domain reload time=567 ms, compile time=6787 ms, other=2 ms
		Project Asset Count: scripts=369, non-scripts=42
		Asset File Changes: new=295, changed=295, moved=0, deleted=0
		Scan Filter Count: 0
	InvokeBeforeRefreshCallbacks: 0.201ms
	ApplyChangesToAssetFolders: 0.039ms
	Scan: 46.321ms
	OnSourceAssetsModified: 5.673ms
	GetAllGuidsForCategorization: 0.047ms
	CategorizeAssets: 1.754ms
	ImportOutOfDateAssets: 1415.656ms (-6650.807ms without children)
		ImportManagerImport: 1279.284ms (759.010ms without children)
			ImportInProcess: 519.707ms
			UpdateCategorizedAssets: 0.568ms
		CompileScripts: 6786.906ms
		ReloadNativeAssets: 0.001ms
		UnloadImportedAssets: 0.049ms
		ReloadImportedAssets: 0.066ms
		EnsureUptoDateAssetsAreRegisteredWithGuidPM: 0.040ms
		InitializingProgressBar: 0.007ms
		PostProcessAllAssetNotificationsAddChangedAssets: 0.001ms
		OnDemandSchedulerStart: 0.110ms
	PostProcessAllAssets: 274.601ms
	Hotreload: 0.689ms
	GatherAllCurrentPrimaryArtifactRevisions: 0.000ms
	UnloadStreamsBegin: 0.222ms
	PersistCurrentRevisions: 0.155ms
	UnloadStreamsEnd: 0.003ms
	GenerateScriptTypeHashes: 0.001ms
	Untracked: 7288.633ms
Application.AssetDatabase Initial Refresh End
Launched and connected shader compiler UnityShaderCompiler.exe after 0.03 seconds
Scanning for USB devices : 12.373ms
Initializing Unity extensions:
[Licensing::Client] Successfully resolved entitlement details
[MODES] ModeService[none].Initialize
[MODES] ModeService[none].LoadModes
[MODES] Loading mode Default (0) for mode-current-id-AuraCardFrameFxLab
[PhysX] Initialized MultithreadedTaskDispatcher with 32 workers.
ProgressiveSceneManager::Cancel()
Unloading 4 Unused Serialized files (Serialized files now loaded: 0)
Unloading 14 unused Assets / (472.0 KB). Loaded Objects now: 735.
Memory consumption went from 88.8 MB to 88.3 MB.
Total: 2.630600 ms (FindLiveObjects: 0.047100 ms CreateObjectMapping: 0.006000 ms MarkObjects: 2.379700 ms  DeleteObjects: 0.196500 ms)

Start importing Assets/AuraCardFrameFxLab/Art/CardBackground.png using Guid(f70aa32cb1df9f741b51d2f5a7970063) Importer(-1,00000000000000000000000000000000) [PhysX] Initialized MultithreadedTaskDispatcher with 32 workers.
 -> (artifact id: 'a480c9cb23ed53e133fdef363871a78c') in 0.011179 seconds
Refreshing native plugins compatible for Editor in 0.00 ms, found 0 plugins.
Preloading 0 native plugins for Editor in 0.00 ms.
Asset Pipeline Refresh (id=984e24d38a9f6274694327dffeb32b47): Total: 0.027 seconds - Initiated by StopAssetImportingV2(NoUpdateAssetOptions)
Start importing Assets/AuraCardFrameFxLab/Art/SunCardFrame.png using Guid(324a383aad4e83345a99f8a03886336d) Importer(-1,00000000000000000000000000000000) [PhysX] Initialized MultithreadedTaskDispatcher with 32 workers.
 -> (artifact id: '32744e76c01939e5ec866ca7e17a0ed3') in 0.010455 seconds
Refreshing native plugins compatible for Editor in 0.00 ms, found 0 plugins.
Preloading 0 native plugins for Editor in 0.00 ms.
Asset Pipeline Refresh (id=99058e6cf293179458ced7df326376f3): Total: 0.022 seconds - Initiated by StopAssetImportingV2(NoUpdateAssetOptions)
Start importing Assets/AuraCardFrameFxLab/Effects/WunaOrbitTrailNoise.png using Guid(3aadff830d7bc534bb52ee5e2239d480) Importer(-1,00000000000000000000000000000000) [PhysX] Initialized MultithreadedTaskDispatcher with 32 workers.
 -> (artifact id: '5027738995816b607d224ad874da838d') in 0.001907 seconds
Refreshing native plugins compatible for Editor in 0.00 ms, found 0 plugins.
Preloading 0 native plugins for Editor in 0.00 ms.
Asset Pipeline Refresh (id=0820aba98078e26419b92b6e010f70ba): Total: 0.014 seconds - Initiated by StopAssetImportingV2(NoUpdateAssetOptions)
Start importing Assets/AuraCardFrameFxLab/Effects/PokemonHoloFoil.png using Guid(0cb253d71f97fed408963e03bb6f568e) Importer(-1,00000000000000000000000000000000) [PhysX] Initialized MultithreadedTaskDispatcher with 32 workers.
 -> (artifact id: 'e508346979481f141ea5c561be8ae353') in 0.002778 seconds
Refreshing native plugins compatible for Editor in 0.00 ms, found 0 plugins.
Preloading 0 native plugins for Editor in 0.00 ms.
Asset Pipeline Refresh (id=727b218e2144aee4cb0c549bd18565e4): Total: 0.015 seconds - Initiated by StopAssetImportingV2(NoUpdateAssetOptions)
Asset Pipeline Refresh (id=1565d8be688285e42829e2352ac5e63b): Total: 0.009 seconds - Initiated by RefreshV2(NoUpdateAssetOptions)
Start importing Assets/AuraCardFrameFxLab/Materials/TerriasFoilHoloFrameOverlay.mat using Guid(87eade045673983429a7ddee13050606) Importer(-1,00000000000000000000000000000000) [PhysX] Initialized MultithreadedTaskDispatcher with 32 workers.
 -> (artifact id: 'acbcd016faee0d7e0bcb847ff85f4182') in 0.001179 seconds
Refreshing native plugins compatible for Editor in 0.00 ms, found 0 plugins.
Preloading 0 native plugins for Editor in 0.00 ms.
Asset Pipeline Refresh (id=1d57f68ae235599428f214977913fd2a): Total: 0.011 seconds - Initiated by StopAssetImportingV2(NoUpdateAssetOptions)
[PhysX] Initialized MultithreadedTaskDispatcher with 32 workers.
Unloading 2 Unused Serialized files (Serialized files now loaded: 0)
Unloading 10 unused Assets / (6.6 KB). Loaded Objects now: 738.
Memory consumption went from 88.2 MB to 88.2 MB.
Total: 1.949300 ms (FindLiveObjects: 0.030400 ms CreateObjectMapping: 0.005000 ms MarkObjects: 1.881100 ms  DeleteObjects: 0.032200 ms)

Start importing Assets/AuraCardFrameFxLab/Materials/TerriasFoilHoloFrameOverlay.mat using Guid(87eade045673983429a7ddee13050606) Importer(-1,00000000000000000000000000000000) [PhysX] Initialized MultithreadedTaskDispatcher with 32 workers.
 -> (artifact id: 'bae060ca7e2ffd1648c60ccac590ad4c') in 0.001570 seconds
Refreshing native plugins compatible for Editor in 0.00 ms, found 0 plugins.
Preloading 0 native plugins for Editor in 0.00 ms.
Asset Pipeline Refresh (id=fd18c5556d76c72449e8b25bcce042bf): Total: 0.017 seconds - Initiated by StopAssetImportingV2(NoUpdateAssetOptions)
Start importing Assets/AuraCardFrameFxLab/Scenes/CardFrameFxLab.unity using Guid(f80c5d1d2f9a452428f44e2c9c6ee609) Importer(-1,00000000000000000000000000000000) [PhysX] Initialized MultithreadedTaskDispatcher with 32 workers.
 -> (artifact id: '1769da613640dd421b1b8c82a8ed9524') in 0.000598 seconds
Refreshing native plugins compatible for Editor in 0.00 ms, found 0 plugins.
Preloading 0 native plugins for Editor in 0.00 ms.
Asset Pipeline Refresh (id=274ba7528d40c644fa010b9f47ad4424): Total: 0.007 seconds - Initiated by StopAssetImportingV2(NoUpdateAssetOptions)
Start importing ProjectSettings/EditorBuildSettings.asset using Guid(0000000000000000b000000000000000) Importer(-1,00000000000000000000000000000000) [PhysX] Initialized MultithreadedTaskDispatcher with 32 workers.
 -> (artifact id: '60ccb1387d27e0b7ae151111611afa43') in 0.001213 seconds
Refreshing native plugins compatible for Editor in 0.00 ms, found 0 plugins.
Preloading 0 native plugins for Editor in 0.00 ms.
Asset Pipeline Refresh (id=996332ccd3b1ef94b950aa7fd273ca3b): Total: 0.003 seconds - Initiated by StopAssetImportingV2(NoUpdateAssetOptions)
Asset Pipeline Refresh (id=500778177abacd140a72ba16efaed9f4): Total: 0.004 seconds - Initiated by RefreshV2(NoUpdateAssetOptions)
AuraCardFrameFxLab scene rebuilt: Assets/AuraCardFrameFxLab/Scenes/CardFrameFxLab.unity
UnityEngine.StackTraceUtility:ExtractStackTrace ()
UnityEngine.DebugLogHandler:LogFormat (UnityEngine.LogType,UnityEngine.Object,string,object[])
UnityEngine.Logger:Log (UnityEngine.LogType,object)
UnityEngine.Debug:Log (object)
AuraCardFrameFxLabEditor.AuraCardFrameFxLabSceneBuilder:Build () (at Assets/AuraCardFrameFxLab/Editor/AuraCardFrameFxLabSceneBuilder.cs:49)

(Filename: Assets/AuraCardFrameFxLab/Editor/AuraCardFrameFxLabSceneBuilder.cs Line: 49)

Batchmode quit successfully invoked - shutting down!
Curl error 42: Callback aborted
Curl error 42: Callback aborted
[PhysX] Initialized MultithreadedTaskDispatcher with 32 workers.
Input System module state changed to: ShutdownInProgress.
Input System polling thread exited.
Input System module state changed to: Shutdown.
[Licensing::IpcConnector] LicenseClient-Administrator-notifications channel disconnected successfully.
[Licensing::IpcConnector] LicenseClient-Administrator channel disconnected successfully.
Cleanup mono
abort_threads: Failed aborting id: 00000000000056B8, mono_thread_manage will ignore it

abort_threads: Failed aborting id: 0000000000002980, mono_thread_manage will ignore it

abort_threads: Failed aborting id: 00000000000056B8, mono_thread_manage will ignore it

abort_threads: Failed aborting id: 0000000000002980, mono_thread_manage will ignore it

debugger-agent: Unable to listen on 5212
[Performance] WinEditorMain                                                                                                  :        1 samples, Peak.  4.93 s (1.0x), Avg.  4.93 s, Total. 4.931 s (19.6%)
[Performance] WinEditorMain.ConfigureCrashHandler                                                                            :        1 samples, Peak.  21.8 us (1.0x), Avg.  21.8 us, Total. 21.80 us (0.0%)
[Performance] WinEditorMain.CurlRequestInitialize                                                                            :        1 samples, Peak.   233 us (1.0x), Avg.   233 us, Total. 232.8 us (0.0%)
[Performance] WinEditorMain.SetupLogFile                                                                                     :        1 samples, Peak.   198 us (1.0x), Avg.   198 us, Total. 198.1 us (0.0%)
[Performance] WinEditorMain.RunNativeTestsIfRequiredAndExit                                                                  :        1 samples, Peak.   200 ns (1.0x), Avg.   200 ns, Total. 200.0 ns (0.0%)
[Performance] WinEditorMain.Licensing                                                                                        :        1 samples, Peak.  4.89 s (1.0x), Avg.  4.89 s, Total. 4.895 s (19.5%)
[Performance] WinEditorMain.InitializeCrashHandler                                                                           :        1 samples, Peak.  20.9 ms (1.0x), Avg.  20.9 ms, Total. 20.89 ms (0.1%)
[Performance] WinEditorMain.CreateApplication                                                                                :        1 samples, Peak.  13.5 ms (1.0x), Avg.  13.5 ms, Total. 13.51 ms (0.1%)
[Performance] Application.InitializeProject                                                                                  :        1 samples, Peak.  19.8 s (1.0x), Avg.  19.8 s, Total. 19.84 s (78.9%)
[Performance] Application.PackageManager.StartServer                                                                         :        1 samples, Peak.  1.99 ms (1.0x), Avg.  1.99 ms, Total. 1.994 ms (0.0%)
[Performance] Application.AcquireProjectLock                                                                                 :        1 samples, Peak.  1.70 ms (1.0x), Avg.  1.70 ms, Total. 1.695 ms (0.0%)
[Performance] Application.InitializeEngineNoGraphics                                                                         :        1 samples, Peak.  33.6 ms (1.0x), Avg.  33.6 ms, Total. 33.57 ms (0.1%)
[Performance] Application.PackageManager.Initialize                                                                          :        1 samples, Peak.   210 ms (1.0x), Avg.   210 ms, Total. 210.1 ms (0.8%)
[Performance] Connecting to Package Manager                                                                                  :       22 samples, Peak.  64.9 us (18.0x), Avg.  3.61 us, Total. 79.40 us (0.0%)
[Performance] PackageManager::Api::RunRequestSynchronously                                                                   :      164 samples, Peak.  11.3 us (3.1x), Avg.  3.60 us, Total. 590.3 us (0.0%)
[Performance] Application.EngineGraphics.Initialize                                                                          :        1 samples, Peak.  16.0 ms (1.0x), Avg.  16.0 ms, Total. 15.99 ms (0.1%)
[Performance] Application.GI.Initialize                                                                                      :        1 samples, Peak.  2.48 ms (1.0x), Avg.  2.48 ms, Total. 2.475 ms (0.0%)
[Performance] Application.LoadAllDefaultResourcesFromEditor                                                                  :        1 samples, Peak.  1.09 ms (1.0x), Avg.  1.09 ms, Total. 1.089 ms (0.0%)
[Performance] Application.LoadMonoAssemblies                                                                                 :        1 samples, Peak.   323 ms (1.0x), Avg.   323 ms, Total. 322.6 ms (1.3%)
[Performance] RestoreManagedReferences                                                                                       :        2 samples, Peak.  21.6 ms (2.0x), Avg.  10.8 ms, Total. 21.63 ms (0.1%)
[Performance] InitializeOnLoad DrivenRectTransformUndo                                                                       :        2 samples, Peak.   251 us (1.1x), Avg.   237 us, Total. 473.9 us (0.0%)
[Performance] InitializeOnLoad SceneSearch                                                                                   :        2 samples, Peak.  78.9 us (1.1x), Avg.  72.9 us, Total. 145.9 us (0.0%)
[Performance] InitializeOnLoad CloudBuild                                                                                    :        2 samples, Peak.  2.30 us (1.1x), Avg.  2.15 us, Total. 4.300 us (0.0%)
[Performance] InitializeOnLoad NativeFormatImporterUtility                                                                   :        2 samples, Peak.  1.85 ms (1.3x), Avg.  1.42 ms, Total. 2.839 ms (0.0%)
[Performance] InitializeOnLoad SearchService                                                                                 :        2 samples, Peak.  82.8 us (1.1x), Avg.  78.5 us, Total. 157.0 us (0.0%)
[Performance] InitializeOnLoad SettingsService                                                                               :        2 samples, Peak.  6.70 us (1.1x), Avg.  5.85 us, Total. 11.70 us (0.0%)
[Performance] InitializeOnLoad WindowLayout                                                                                  :        2 samples, Peak.   548 us (1.2x), Avg.   441 us, Total. 881.9 us (0.0%)
[Performance] InitializeOnLoad AssetStoreContext                                                                             :        2 samples, Peak.  15.1 ms (1.0x), Avg.  14.4 ms, Total. 28.78 ms (0.1%)
[Performance] InitializeOnLoad PoolManager                                                                                   :        2 samples, Peak.   409 us (1.1x), Avg.   372 us, Total. 745.0 us (0.0%)
[Performance] InitializeOnLoad MixerEffectDefinitionReloader                                                                 :        2 samples, Peak.  1.84 ms (1.3x), Avg.  1.36 ms, Total. 2.725 ms (0.0%)
[Performance] InitializeOnLoad ProjectSearch                                                                                 :        2 samples, Peak.  92.0 us (1.4x), Avg.  65.6 us, Total. 131.2 us (0.0%)
[Performance] InitializeOnLoad UISystemProfilerRenderService                                                                 :        2 samples, Peak.  6.10 us (1.1x), Avg.  5.60 us, Total. 11.20 us (0.0%)
[Performance] InitializeOnLoad EditMode                                                                                      :        2 samples, Peak.   271 us (1.2x), Avg.   230 us, Total. 459.1 us (0.0%)
[Performance] InitializeOnLoad UnityConnect                                                                                  :        2 samples, Peak.  30.7 us (1.1x), Avg.  27.0 us, Total. 53.90 us (0.0%)
[Performance] InitializeOnLoad ManagedDebugger                                                                               :        2 samples, Peak.   356 us (1.0x), Avg.   352 us, Total. 704.2 us (0.0%)
[Performance] InitializeOnLoad ShortcutIntegration                                                                           :        2 samples, Peak.  42.5 us (1.1x), Avg.  38.0 us, Total. 76.00 us (0.0%)
[Performance] InitializeOnLoad AddComponentWindow                                                                            :        2 samples, Peak.  70.6 us (1.1x), Avg.  63.1 us, Total. 126.2 us (0.0%)
[Performance] InitializeOnLoad ManagedDebuggerWindow                                                                         :        2 samples, Peak.  70.7 us (1.1x), Avg.  66.0 us, Total. 132.0 us (0.0%)
[Performance] InitializeOnLoad CacheServerWindow                                                                             :        2 samples, Peak.  5.40 us (1.3x), Avg.  4.30 us, Total. 8.600 us (0.0%)
[Performance] InitializeOnLoad PlayModeDownload                                                                              :        2 samples, Peak.  3.55 ms (1.9x), Avg.  1.84 ms, Total. 3.673 ms (0.0%)
[Performance] InitializeOnLoad MenuItems                                                                                     :        2 samples, Peak.  67.6 us (1.2x), Avg.  55.3 us, Total. 110.7 us (0.0%)
[Performance] InitializeOnLoad PrefabInstanceChangedListener                                                                 :        2 samples, Peak.  84.3 us (1.1x), Avg.  76.7 us, Total. 153.5 us (0.0%)
[Performance] InitializeOnLoad ObjectSelectorSearch                                                                          :        2 samples, Peak.  19.9 us (1.0x), Avg.  19.5 us, Total. 39.00 us (0.0%)
[Performance] InitializeOnLoad EditorMonitor                                                                                 :        2 samples, Peak.   426 us (1.2x), Avg.   343 us, Total. 686.8 us (0.0%)
[Performance] InitializeOnLoad RetainedMode                                                                                  :        2 samples, Peak.  1.27 ms (1.0x), Avg.  1.25 ms, Total. 2.504 ms (0.0%)
[Performance] InitializeOnLoad EditorShaderLoader                                                                            :        2 samples, Peak.   359 us (1.0x), Avg.   354 us, Total. 708.9 us (0.0%)
[Performance] InitializeOnLoad EditorDelegateRegistration                                                                    :        2 samples, Peak.   268 us (1.1x), Avg.   243 us, Total. 485.1 us (0.0%)
[Performance] InitializeOnLoad UIDocumentHierarchyWatcher                                                                    :        2 samples, Peak.  36.8 us (1.1x), Avg.  34.7 us, Total. 69.40 us (0.0%)
[Performance] InitializeOnLoad LiveReloadTrackerCreator                                                                      :        2 samples, Peak.   103 us (1.2x), Avg.  87.4 us, Total. 174.8 us (0.0%)
[Performance] InitializeOnLoad UxmlObjectEditorFactories                                                                     :        2 samples, Peak.   317 us (1.1x), Avg.   279 us, Total. 558.8 us (0.0%)
[Performance] InitializeOnLoad UXMLEditorFactories                                                                           :        2 samples, Peak.  29.0 ms (1.0x), Avg.  28.9 ms, Total. 57.83 ms (0.2%)
[Performance] InitializeOnLoad PurchasingService                                                                             :        2 samples, Peak.  4.04 ms (1.0x), Avg.  3.94 ms, Total. 7.872 ms (0.0%)
[Performance] InitializeOnLoad CloudBuildPoller                                                                              :        2 samples, Peak.  60.5 us (1.0x), Avg.  60.3 us, Total. 120.6 us (0.0%)
[Performance] InitializeOnLoad EditorGameServicesAnalytics                                                                   :        2 samples, Peak.  1.72 ms (1.6x), Avg.  1.09 ms, Total. 2.172 ms (0.0%)
[Performance] InitializeOnLoad AnalyticsService                                                                              :        2 samples, Peak.   118 us (1.1x), Avg.   104 us, Total. 208.9 us (0.0%)
[Performance] InitializeOnLoad BuildService                                                                                  :        2 samples, Peak.  74.8 us (1.1x), Avg.  69.7 us, Total. 139.4 us (0.0%)
[Performance] InitializeOnLoad AdsService                                                                                    :        2 samples, Peak.   203 us (1.0x), Avg.   193 us, Total. 386.5 us (0.0%)
[Performance] InitializeOnLoad UDPService                                                                                    :        2 samples, Peak.  71.6 us (1.0x), Avg.  69.6 us, Total. 139.2 us (0.0%)
[Performance] InitializeOnLoad CrashService                                                                                  :        2 samples, Peak.  68.3 us (1.1x), Avg.  64.7 us, Total. 129.4 us (0.0%)
[Performance] InitializeOnLoad ServicesRepository                                                                            :        2 samples, Peak.   200 ns (1.3x), Avg.   150 ns, Total. 300.0 ns (0.0%)
[Performance] InitializeOnLoad SearchWindow                                                                                  :        2 samples, Peak.  73.7 us (1.1x), Avg.  67.6 us, Total. 135.2 us (0.0%)
[Performance] InitializeOnLoad CustomIndexers                                                                                :        2 samples, Peak.  10.9 ms (1.1x), Avg.  9.64 ms, Total. 19.28 ms (0.1%)
[Performance] InitializeOnLoad SearchMonitor                                                                                 :        2 samples, Peak.   530 us (1.1x), Avg.   495 us, Total. 989.7 us (0.0%)
[Performance] InitializeOnLoad ParameterControllerEditor                                                                     :        2 samples, Peak.  15.7 us (1.1x), Avg.  14.2 us, Total. 28.40 us (0.0%)
[Performance] InitializeOnLoad LayerSettingsWindow                                                                           :        2 samples, Peak.  17.1 us (1.7x), Avg.  9.80 us, Total. 19.60 us (0.0%)
[Performance] InitializeOnLoad PackageManagerHookGUIDConverter.RegisterPackagesEventHandler                                  :        2 samples, Peak.   478 us (1.7x), Avg.   284 us, Total. 568.2 us (0.0%)
[Performance] InitializeOnLoad EditorDragAndDrop.RegisterEditorClient                                                        :        2 samples, Peak.   121 us (1.0x), Avg.   118 us, Total. 236.6 us (0.0%)
[Performance] InitializeOnLoad EditorEventCallbacks.InitializeFontAssetResourceChangeCallBacks                               :        2 samples, Peak.   664 us (1.1x), Avg.   628 us, Total. 1.256 ms (0.0%)
[Performance] InitializeOnLoad SceneTemplateService.Init                                                                     :        2 samples, Peak.   628 us (1.0x), Avg.   603 us, Total. 1.205 ms (0.0%)
[Performance] InitializeOnLoad DiagnosticSwitchesConsoleMessage.Init                                                         :        2 samples, Peak.  3.55 ms (1.8x), Avg.  1.99 ms, Total. 3.971 ms (0.0%)
[Performance] InitializeOnLoad MemoryProfilerCompilationGuard.InjectCompileGuard                                             :        2 samples, Peak.   105 us (1.1x), Avg.  94.3 us, Total. 188.7 us (0.0%)
[Performance] InitializeOnLoad EditorWindow.Initialize                                                                       :        2 samples, Peak.   127 us (1.0x), Avg.   125 us, Total. 250.1 us (0.0%)
[Performance] InitializeOnLoad AssetPostprocessingInternal.RefreshCustomDependencies                                         :        2 samples, Peak.  2.56 ms (1.5x), Avg.  1.66 ms, Total. 3.329 ms (0.0%)
[Performance] InitializeOnLoad SysrootManager.Initialize                                                                     :        2 samples, Peak.   277 us (1.0x), Avg.   270 us, Total. 539.1 us (0.0%)
[Performance] InitializeOnLoad PackageManagerWindow.EditorInitializedInSafeMode                                              :        2 samples, Peak.  13.1 ms (2.0x), Avg.  6.57 ms, Total. 13.14 ms (0.1%)
[Performance] InitializeOnLoad ToolShortcutContext.Init                                                                      :        2 samples, Peak.  71.0 us (1.1x), Avg.  62.6 us, Total. 125.3 us (0.0%)
[Performance] InitializeOnLoad SceneVisibilityManager.Initialize                                                             :        2 samples, Peak.  2.72 ms (1.7x), Avg.  1.57 ms, Total. 3.146 ms (0.0%)
[Performance] InitializeOnLoad ScopedRegistryAddedPopup.SubscribeToRegistriesAdded                                           :        2 samples, Peak.  3.92 ms (2.0x), Avg.  1.99 ms, Total. 3.980 ms (0.0%)
[Performance] AssemblyReloadEvents.afterAssemblyReload: UnityEditor.SceneTemplate.SceneTemplateService.AfterAssemblyReload   :        2 samples, Peak.  2.27 ms (1.9x), Avg.  1.22 ms, Total. 2.434 ms (0.0%)
[Performance] ProcessService.EditorAfterLoadAllAssemblies                                                                    :        2 samples, Peak.   196 us (1.1x), Avg.   172 us, Total. 344.7 us (0.0%)
[Performance] Application.ReadLicenseInfo                                                                                    :        1 samples, Peak.  12.4 ms (1.0x), Avg.  12.4 ms, Total. 12.44 ms (0.0%)
[Performance] Application.InitialRefresh                                                                                     :        1 samples, Peak.  9.03 s (1.0x), Avg.  9.03 s, Total. 9.034 s (35.9%)
[Performance] BuilderAssetModificationProcessor.OnWillCreateAsset                                                            :       19 samples, Peak.  1.34 ms (15.1x), Avg.  89.0 us, Total. 1.691 ms (0.0%)
[Performance] ShaderImporter.SourceAssetModified                                                                             :       10 samples, Peak.  1.53 ms (5.1x), Avg.   298 us, Total. 2.983 ms (0.0%)
[Performance] UpgradeShaderAsset                                                                                             :        2 samples, Peak.  1.52 ms (1.0x), Avg.  1.48 ms, Total. 2.961 ms (0.0%)
[Performance] ShaderIncludeImporter.SourceAssetModified                                                                      :       10 samples, Peak.  13.7 us (5.1x), Avg.  2.69 us, Total. 26.90 us (0.0%)
[Performance] Compiling Scripts                                                                                              :        1 samples, Peak.  6.79 s (1.0x), Avg.  6.79 s, Total. 6.786 s (27.0%)
[Performance] AssemblyReloadEvents.beforeAssemblyReload: UnityEditor.SceneTemplate.SceneTemplateService.BeforeAssemblyReload :        1 samples, Peak.   277 us (1.0x), Avg.   277 us, Total. 277.5 us (0.0%)
[Performance] PresetManagerPostProcessor.OnPreprocessAsset                                                                   :      303 samples, Peak.   748 us (66.8x), Avg.  11.2 us, Total. 3.391 ms (0.0%)
[Performance] CancelSplashScreenOnAssetChange.OnPreprocessAsset                                                              :      303 samples, Peak.  69.7 us (46.3x), Avg.  1.50 us, Total. 456.0 us (0.0%)
[Performance] InitializeOnLoad AuraCardFrameFxLabStartup                                                                     :        1 samples, Peak.  82.9 us (1.0x), Avg.  82.9 us, Total. 82.90 us (0.0%)
[Performance] InitializeOnLoad PrefabLayoutRebuilder                                                                         :        1 samples, Peak.   120 us (1.0x), Avg.   120 us, Total. 119.5 us (0.0%)
[Performance] DidReloadScriptsAdvancedDropdownWindow.OnScriptReload                                                          :        1 samples, Peak.   128 us (1.0x), Avg.   128 us, Total. 128.3 us (0.0%)
[Performance] TextureImporter.Import                                                                                         :        8 samples, Peak.  4.38 ms (1.8x), Avg.  2.38 ms, Total. 19.05 ms (0.1%)
[Performance] BuilderAssetModificationProcessor.OnWillSaveAssets                                                             :       14 samples, Peak.   726 us (12.3x), Avg.  59.1 us, Total. 826.8 us (0.0%)
[Performance] TerrainModificationProcessor.OnWillSaveAssets                                                                  :       14 samples, Peak.   383 us (13.4x), Avg.  28.5 us, Total. 399.6 us (0.0%)
[Performance] VersionControl.Task.Wait                                                                                       :        1 samples, Peak.  8.30 us (1.0x), Avg.  8.30 us, Total. 8.300 us (0.0%)
[Performance] ShaderImporter.Import                                                                                          :        1 samples, Peak.   128 ms (1.0x), Avg.   128 ms, Total. 127.6 ms (0.5%)
[Performance] EditorApplication.projectChanged: UnityEditor.Audio.MixerEffectDefinitionReloader.OnProjectChanged             :        8 samples, Peak.  1.10 ms (3.2x), Avg.   339 us, Total. 2.712 ms (0.0%)
[Performance] AssetDatabase.ImportAssets                                                                                     :       15 samples, Peak.  17.3 ms (12.7x), Avg.  1.36 ms, Total. 20.37 ms (0.1%)
[Performance] BuilderAssetPostprocessor.OnPostprocessAllAssets                                                               :       18 samples, Peak.  3.79 ms (8.6x), Avg.   439 us, Total. 7.907 ms (0.0%)
[Performance] ArtifactBrowserPostProcessor.OnPostprocessAllAssets                                                            :       18 samples, Peak.  1.10 ms (8.9x), Avg.   124 us, Total. 2.239 ms (0.0%)
[Performance] AssetEvents.OnPostprocessAllAssets                                                                             :       36 samples, Peak.   196 us (13.2x), Avg.  14.9 us, Total. 535.7 us (0.0%)
[Performance] AudioMixerPostprocessor.OnPostprocessAllAssets                                                                 :       18 samples, Peak.   174 us (8.1x), Avg.  21.4 us, Total. 385.2 us (0.0%)
[Performance] StyleCatalogPostProcessor.OnPostprocessAllAssets                                                               :       18 samples, Peak.  11.0 ms (8.9x), Avg.  1.24 ms, Total. 22.23 ms (0.1%)
[Performance] BuildCatalog                                                                                                   :        1 samples, Peak.  10.2 ms (1.0x), Avg.  10.2 ms, Total. 10.25 ms (0.0%)
[Performance] ModelImporterPostProcessor.OnPostprocessAllAssets                                                              :       18 samples, Peak.  3.45 ms (5.9x), Avg.   590 us, Total. 10.62 ms (0.0%)
[Performance] RetainedModeAssetPostprocessor.OnPostprocessAllAssets                                                          :       18 samples, Peak.  2.77 ms (8.7x), Avg.   317 us, Total. 5.699 ms (0.0%)
[Performance] AssetChangedListener.OnPostprocessAllAssets                                                                    :       18 samples, Peak.  2.08 ms (7.9x), Avg.   262 us, Total. 4.708 ms (0.0%)
[Performance] SpeedTreePostProcessor.OnPostprocessAllAssets                                                                  :       18 samples, Peak.  1.53 ms (8.7x), Avg.   176 us, Total. 3.168 ms (0.0%)
[Performance] TextAssetPostProcessor.OnPostprocessAllAssets                                                                  :       18 samples, Peak.  2.65 ms (8.8x), Avg.   300 us, Total. 5.396 ms (0.0%)
[Performance] SyncVS.PostprocessSyncProject                                                                                  :        9 samples, Peak.  1.38 ms (8.1x), Avg.   170 us, Total. 1.532 ms (0.0%)
[Performance] Application.ImportPackagesAndSetTemplateWhenCreatingProject                                                    :        1 samples, Peak.  9.29 ms (1.0x), Avg.  9.29 ms, Total. 9.289 ms (0.0%)
[Performance] Application.SyncCurrentColorSpace                                                                              :        1 samples, Peak.   396 ms (1.0x), Avg.   396 ms, Total. 396.2 ms (1.6%)
[Performance] Application.OnUsbDevicesChanged                                                                                :        1 samples, Peak.  12.4 ms (1.0x), Avg.  12.4 ms, Total. 12.43 ms (0.0%)
[Performance] Application.AssetInstanceCacheUpdate                                                                           :        1 samples, Peak.   400 ns (1.0x), Avg.   400 ns, Total. 400.0 ns (0.0%)
[Performance] Application.UnityExtensions.Initialize                                                                         :        1 samples, Peak.   561 us (1.0x), Avg.   561 us, Total. 560.5 us (0.0%)
[Performance] CodeEditorProjectSync.SyncEditorProject                                                                        :        1 samples, Peak.  76.9 us (1.0x), Avg.  76.9 us, Total. 76.90 us (0.0%)
[Performance] Application.ExecuteStartups                                                                                    :        1 samples, Peak.  22.9 ms (1.0x), Avg.  22.9 ms, Total. 22.87 ms (0.1%)
[Performance] Menu.RegisterMenuInterface                                                                                     :       26 samples, Peak.   800 ns (4.7x), Avg.   169 ns, Total. 4.400 us (0.0%)
[Performance] Gizmo.RebuildRenderers                                                                                         :        1 samples, Peak.  22.6 ms (1.0x), Avg.  22.6 ms, Total. 22.65 ms (0.1%)
[Performance] Gizmo.AddGizmoRenderers                                                                                        :       22 samples, Peak.  1.24 ms (15.6x), Avg.  79.4 us, Total. 1.746 ms (0.0%)
[Performance] Application.editorInitializingProject                                                                          :        1 samples, Peak.  84.6 ms (1.0x), Avg.  84.6 ms, Total. 84.61 ms (0.3%)
[Performance] Application.InitializeMenu                                                                                     :        1 samples, Peak.  26.5 ms (1.0x), Avg.  26.5 ms, Total. 26.53 ms (0.1%)
[Performance] Menu.RebuildAll                                                                                                :        1 samples, Peak.  26.5 ms (1.0x), Avg.  26.5 ms, Total. 26.53 ms (0.1%)
[Performance] Menu.BuildRegisteredMenuInterfaces                                                                             :        1 samples, Peak.  25.3 ms (1.0x), Avg.  25.3 ms, Total. 25.27 ms (0.1%)
[Performance] Menu.FilterMenuItem                                                                                            :      494 samples, Peak.  11.8 ms (490.8x), Avg.  24.1 us, Total. 11.90 ms (0.0%)
[Performance] UpdateAllMenus                                                                                                 :        1 samples, Peak.   336 us (1.0x), Avg.   336 us, Total. 335.6 us (0.0%)
[Performance] Menu.RebuildOSMainMenu                                                                                         :        2 samples, Peak.  1.72 ms (1.4x), Avg.  1.24 ms, Total. 2.472 ms (0.0%)
[Performance] EditorSceneManager.sceneClosing: UnityEditor.SceneVisibilityManager.EditorSceneManagerOnSceneClosing           :        2 samples, Peak.   160 us (2.0x), Avg.  81.8 us, Total. 163.6 us (0.0%)
[Performance] GUIView.RepaintAll.PlayerLoopController                                                                        :        2 samples, Peak.  1.50 us (1.3x), Avg.  1.15 us, Total. 2.300 us (0.0%)
[Performance] EditorSceneManager.newSceneCreated: UnityEditor.SceneTemplate.SceneTemplateService.OnNewSceneCreated           :        2 samples, Peak.   167 us (2.0x), Avg.  84.1 us, Total. 168.3 us (0.0%)
[Performance] EditorSceneManager.newSceneCreated: UnityEditor.SceneVisibilityManager.EditorSceneManagerOnNewSceneCreated     :        2 samples, Peak.   107 us (1.9x), Avg.  55.8 us, Total. 111.5 us (0.0%)
[Performance] EditorSceneManager.newSceneCreated: UnityEditor.SceneManagement.StageNavigationManager.OnNewSceneCreated       :        2 samples, Peak.  35.1 us (1.9x), Avg.  18.1 us, Total. 36.20 us (0.0%)
[Performance] Application.InvokeFinishedLoadingProject                                                                       :        1 samples, Peak.   620 us (1.0x), Avg.   620 us, Total. 620.4 us (0.0%)
[Performance] ProcessService.OnProjectLoaded                                                                                 :        1 samples, Peak.  33.1 us (1.0x), Avg.  33.1 us, Total. 33.10 us (0.0%)
[Performance] AssetDatabase.ImportAsset                                                                                      :        5 samples, Peak.  26.6 ms (1.6x), Avg.  16.8 ms, Total. 84.15 ms (0.3%)
[Performance] AssetDatabase.Refresh                                                                                          :        2 samples, Peak.  9.52 ms (1.4x), Avg.  6.89 ms, Total. 13.78 ms (0.1%)
[Performance] SceneDataContainer.TransformHierarchyChangedSetParentCallback                                                  :       18 samples, Peak.  7.00 us (9.3x), Avg.   750 ns, Total. 13.50 us (0.0%)
[Performance] SceneVisibilityState.IsFlagSetInParents                                                                        :       30 samples, Peak.   600 ns (4.4x), Avg.   137 ns, Total. 4.100 us (0.0%)
[Performance] Inspector.InitOrRebuild                                                                                        :        1 samples, Peak.  9.73 ms (1.0x), Avg.  9.73 ms, Total. 9.726 ms (0.0%)
[Performance] Selection.selectionChanged: UnityEditor.PackageManager.UI.Internal.SelectionProxy.OnSelectionChanged           :        1 samples, Peak.   311 us (1.0x), Avg.   311 us, Total. 311.0 us (0.0%)
[Performance] Selection.selectionChanged: UnityEditorInternal.EditMode.OnSelectionChange                                     :        1 samples, Peak.   141 us (1.0x), Avg.   141 us, Total. 141.1 us (0.0%)
[Performance] EditorSceneManager.sceneSaving: UnityEditor.SceneTemplate.SceneTemplateService.OnSceneSaving                   :        1 samples, Peak.   127 us (1.0x), Avg.   127 us, Total. 127.3 us (0.0%)
[Performance] EditorSceneManager.sceneSaving: UnityEditor.SceneVisibilityManager.EditorSceneManagerOnSceneSaving             :        1 samples, Peak.  52.9 us (1.0x), Avg.  52.9 us, Total. 52.90 us (0.0%)
[Performance] EditorSceneManager.sceneSaved: UnityEditor.SceneTemplate.SceneTemplateService.OnSceneSaved                     :        1 samples, Peak.  8.64 ms (1.0x), Avg.  8.64 ms, Total. 8.641 ms (0.0%)
[Performance] EditorSceneManager.sceneSaved: UnityEditor.SceneVisibilityManager.EditorSceneManagerOnSceneSaved               :        1 samples, Peak.  73.7 us (1.0x), Avg.  73.7 us, Total. 73.70 us (0.0%)
[Performance] EditorApplication.quitting: callback in UnityEditor.TextCore.Text.EditorEventCallbacks                         :        1 samples, Peak.  2.51 ms (1.0x), Avg.  2.51 ms, Total. 2.513 ms (0.0%)
[Performance] Application.Shutdown.PauseProfilerSession                                                                      :        1 samples, Peak.  26.4 us (1.0x), Avg.  26.4 us, Total. 26.40 us (0.0%)
[Performance] Application.Shutdown.PauseAssetImportWorkers                                                                   :        1 samples, Peak.  59.4 us (1.0x), Avg.  59.4 us, Total. 59.40 us (0.0%)
[Performance] Application.Shutdown.SaveAssets                                                                                :        1 samples, Peak.  1.29 ms (1.0x), Avg.  1.29 ms, Total. 1.292 ms (0.0%)
[Performance] Application.Shutdown.CleanupRenderPipeline                                                                     :        1 samples, Peak.  2.30 us (1.0x), Avg.  2.30 us, Total. 2.300 us (0.0%)
[Performance] Application.Shutdown.StopPreloadManager                                                                        :        1 samples, Peak.  9.56 ms (1.0x), Avg.  9.56 ms, Total. 9.555 ms (0.0%)
[Performance] Application.Shutdown.DestroyWorld                                                                              :        1 samples, Peak.  3.85 ms (1.0x), Avg.  3.85 ms, Total. 3.848 ms (0.0%)
[Performance] Application.Shutdown.CleanupAfterLoad                                                                          :        1 samples, Peak.  1.99 ms (1.0x), Avg.  1.99 ms, Total. 1.994 ms (0.0%)
[Performance] Application.Shutdown.Progress                                                                                  :        1 samples, Peak.  5.40 us (1.0x), Avg.  5.40 us, Total. 5.400 us (0.0%)
[Performance] Application.Shutdown.GICleanupManagers                                                                         :        1 samples, Peak.   650 us (1.0x), Avg.   650 us, Total. 649.7 us (0.0%)
[Performance] Application.Shutdown.MenuCleanupClass                                                                          :        1 samples, Peak.   152 us (1.0x), Avg.   152 us, Total. 151.6 us (0.0%)
[Performance] Application.Shutdown.ADBSaveStateBeforeShutdown                                                                :        1 samples, Peak.  9.20 us (1.0x), Avg.  9.20 us, Total. 9.200 us (0.0%)
[Performance] Application.Shutdown.RemoteShutdown                                                                            :        1 samples, Peak.  1.70 us (1.0x), Avg.  1.70 us, Total. 1.700 us (0.0%)
[Performance] Application.Shutdown.CleanupVCProvider                                                                         :        1 samples, Peak.  7.20 us (1.0x), Avg.  7.20 us, Total. 7.200 us (0.0%)
[Performance] Application.Shutdown.InputShutdown                                                                             :        1 samples, Peak.   400 ns (1.0x), Avg.   400 ns, Total. 400.0 ns (0.0%)
[Performance] Application.Shutdown.GizmoManagerDestroy                                                                       :        1 samples, Peak.   514 us (1.0x), Avg.   514 us, Total. 513.9 us (0.0%)
[Performance] Application.Shutdown.ProfilerSession                                                                           :        1 samples, Peak.   144 us (1.0x), Avg.   144 us, Total. 143.9 us (0.0%)
[Performance] Application.Shutdown.ReleaseGfxWindowOnAllGUIViews                                                             :        1 samples, Peak.   300 ns (1.0x), Avg.   300 ns, Total. 300.0 ns (0.0%)
[Performance] Application.Shutdown.CleanupEngine                                                                             :        1 samples, Peak.  65.3 ms (1.0x), Avg.  65.3 ms, Total. 65.27 ms (0.3%)
[Performance] Application.Shutdown.CleanupAssetDatabase                                                                      :        1 samples, Peak.  3.03 ms (1.0x), Avg.  3.03 ms, Total. 3.034 ms (0.0%)
[Performance] Application.Shutdown.ScriptCompilationCleanUp                                                                  :        1 samples, Peak.  11.4 ms (1.0x), Avg.  11.4 ms, Total. 11.45 ms (0.0%)
[Performance] Application.Shutdown.DestroyJobSystem                                                                          :        1 samples, Peak.  78.3 us (1.0x), Avg.  78.3 us, Total. 78.30 us (0.0%)
[Performance] Application.Shutdown.CleanupPersistentManager                                                                  :        1 samples, Peak.   291 us (1.0x), Avg.   291 us, Total. 291.4 us (0.0%)
[Performance] Application.Shutdown.CleanupAsyncReadManager                                                                   :        1 samples, Peak.   245 us (1.0x), Avg.   245 us, Total. 245.5 us (0.0%)
[Performance] Application.Shutdown.CleanupProgressBar                                                                        :        1 samples, Peak.   400 ns (1.0x), Avg.   400 ns, Total. 400.0 ns (0.0%)
[Performance] Application.Shutdown.CleanupMono                                                                               :        1 samples, Peak.  31.4 ms (1.0x), Avg.  31.4 ms, Total. 31.36 ms (0.1%)
[Performance] Application.Shutdown.CleanupStdConverters                                                                      :        1 samples, Peak.  10.1 us (1.0x), Avg.  10.1 us, Total. 10.10 us (0.0%)
[Performance] Application.Shutdown.UnloadAllPlatformSupportModuleNativeDlls                                                  :        1 samples, Peak.   500 ns (1.0x), Avg.   500 ns, Total. 500.0 ns (0.0%)
[Performance] Application.Shutdown.UnloadAllPlatformSupportNativeLibraries                                                   :        1 samples, Peak. 0.0 (-nan(ind)x), Avg. 0.0, Total. 0.0 (0.0%)
[Performance] Application.Shutdown.CleanupAutoDocumentation                                                                  :        1 samples, Peak.   348 us (1.0x), Avg.   348 us, Total. 347.7 us (0.0%)
[Performance] Application.Shutdown.ShaderNameManagerDestroy                                                                  :        1 samples, Peak.  58.5 us (1.0x), Avg.  58.5 us, Total. 58.50 us (0.0%)
[Performance] Application.Shutdown.CleanupCacheServer                                                                        :        1 samples, Peak. 100.0 ns (1.0x), Avg. 100.0 ns, Total. 100.00 ns (0.0%)
[Performance] Application.Shutdown.Virtualization_Shutdown                                                                   :        1 samples, Peak.   300 ns (1.0x), Avg.   300 ns, Total. 300.0 ns (0.0%)
[Performance] Application.Shutdown.DevConnections                                                                            :        1 samples, Peak.   182 us (1.0x), Avg.   182 us, Total. 182.3 us (0.0%)
Exiting batchmode successfully now!
Exiting without the bug reporter. Application will terminate with return code 0